sap_number,device_name,device_type,device_value,start_day,end_day,area
12D590019,定子铁芯存储装置,辅助生产设备,1422342.47,2012/4/30,2017/4/30,YC车间
12D390020,激光打标机,机械机器设备,274518.98,2012/4/30,2022/4/30,YC车间
15D390003,YC新线刻印工程生产治具,机械机器设备,289316.24,2015/4/29,2025/4/30,YC车间
12D590025,伺服控制器,辅助生产设备,40046.54,2012/9/30,2017/9/30,YC车间
12D390009,绝缘纸插入机-1,机械机器设备,712007.9,2012/12/31,2022/12/31,YC车间
12D390010,绝缘纸插入机-2,机械机器设备,1116667.69,2012/12/31,2022/12/31,YC车间
12D390006,卷线机-1,机械机器设备,482645.2,2012/12/31,2022/12/31,YC车间
12D390007,卷线机-2,机械机器设备,657923.37,2012/12/31,2022/12/31,YC车间
15D390001,YC产线 ε BMS相关改造,机械机器设备,615116.36,2015/2/28,2025/2/28,YC车间
12D390013,直卷卷线机,机械机器设备,2221908.61,2012/4/30,2022/4/30,YC车间
14D390001,卷线机,机械机器设备,1970146.15,2014/1/31,2024/1/31,YC车间
12D390014,直卷卷线机,机械机器设备,1679185.6,2012/4/30,2022/4/30,YC车间
12D590020,剥离机,辅助生产设备,102212.67,2012/4/30,2017/4/30,YC车间
12D390021,组块端子脱落确认装置,机械机器设备,154940.57,2012/6/30,2022/6/30,YC车间
12D590022,角式流水线,辅助生产设备,30887.42,2012/4/30,2017/4/30,YC车间
12E590013,直流低电阻测试仪,辅助生产设备,7067.96,2012/3/31,2017/3/31,YC车间
12D390019,电气检查装置,机械机器设备,2517073.68,2012/4/30,2022/4/30,YC车间
08E580025,空气干燥机,辅助生产设备,15000,2008/7/31,2013/7/31,YC车间
07D580001,升降机(叉车),辅助生产设备,14741.76,2007/5/31,2012/5/31,YC车间
19B580004,空调（机械 NO:FW0530）,辅助生产设备,101137.71,2019/7/29,2024/7/31,YC车间
16B580016,空调,辅助生产设备,79135.33,2016/8/31,2021/8/31,YC车间
08E580021,空调1台,辅助生产设备,86198,2008/10/31,2013/10/31,YC车间
05C580072,分电盘,辅助生产设备,184317.14,2005/12/31,2010/12/31,YC车间
08E580014,配电柜,辅助生产设备,156000,2008/7/31,2013/7/31,YC车间
05B580033,分电盘,辅助生产设备,20000,2005/9/30,2010/9/30,YC车间
13E380001,苯乙烯处理装置,机械机器设备,1483760.68,2013/1/31,2023/1/31,YC车间
13B580006,烟囱检测平台2#,辅助生产设备,13600,2013/4/30,2018/4/30,YC车间
19B580006,空调（机械 NO:FW0558）,辅助生产设备,101137.71,2019/7/29,2024/7/31,YC车间
17E580004,空调（小ODM车间 20匹柜机一台）,辅助生产设备,132309.4,2017/8/30,2022/8/31,YC车间
11E580001,20HP商用柜机,辅助生产设备,128205.13,2011/4/30,2016/4/30,YC车间
19B580007,空调（机械 NO:FW0557）,辅助生产设备,101137.74,2019/7/29,2024/7/31,YC车间
10D390002,卷线机,机械机器设备,1243697.44,2010/5/31,2020/5/31,YC车间
11D390003,卷线检查装置,机械机器设备,941542.71,2011/9/30,2021/9/30,YC车间
14D390008,下口纸插入机,机械机器设备,1433347.06,2014/12/31,2024/12/31,YC车间
19C390006,铜线被膜剥离机（90）2#,机械机器设备,40941.18,2019/11/29,2029/11/30,YC车间
21D390041,YC捆包装置自动线,辅助生产设备,97568.5,2022/3/31,2027/3/31,YC车间
21D390039,YC捆包装置手动2线,辅助生产设备,74393.5,2022/3/31,2027/3/31,YC车间
21D390003,YC集中卷自动焊锡机1#,机械机器设备,368000,2022/3/31,2032/3/31,YC车间
21D390019,40F卷线机,机械机器设备,4320007.73,2022/8/31,2032/8/31,YC车间
21D390018,40F自动搬送装置,机械机器设备,779815.16,2022/8/31,2032/8/31,YC车间
21D390020,40F下口纸插入机,机械机器设备,2569558.16,2022/8/31,2032/8/31,YC车间
07C390006,高周波线圈加热器,机械机器设备,323125,2007/12/31,2017/12/31,YC车间
22D590011,砂轮剥离机（齿轮式）,辅助生产设备,65574,2022/9/30,2027/9/30,YC车间
22D590005,集尘机,辅助生产设备,12850,2022/9/30,2027/9/30,YC车间
22D590006,集尘机,辅助生产设备,12850,2022/9/30,2027/9/30,YC车间
12D390022,激光刻印机-定子,机械机器设备,535779.75,2012/12/31,2022/12/31,3#工厂3楼
12D390023,激光刻印机-转子,机械机器设备,261538.46,2012/12/31,2022/12/31,3#工厂3楼
12E590093,打标签机,辅助生产设备,150188.04,2012/12/31,2022/12/31,3#工厂3楼
13D390004,2YC63/90卷线机,机械机器设备,1390634.02,2013/11/30,2023/11/30,3#工厂3楼
13E390003,树脂预热机,机械机器设备,47096.25,2013/3/31,2023/3/31,3#工厂3楼
13E590008,46L转子毛刺去除治具,辅助生产设备,52461.54,2013/1/31,2023/1/31,3#工厂3楼
13E890011,转子用料头取出治具,模具,15128.21,2013/5/31,2018/5/31,3#工厂3楼
14E390002,小型ODM自动半田装置,机械机器设备,991794.12,2014/4/30,2024/4/30,3#工厂3楼
15B590008,光纤激光打标机,辅助生产设备,42735.04,2015/6/30,2025/6/30,3#工厂3楼
15C390005,SF7新机种相关设备购买（铜磷钎焊机）,机械机器设备,74093.31,2015/8/31,2025/8/31,3#工厂3楼
15D390002,BMS2机种剥离机购买,机械机器设备,11538.46,2015/2/28,2025/2/28,3#工厂3楼
15D390009,YC剥离机,机械机器设备,20653.89,2015/10/31,2025/10/31,3#工厂3楼
15D390014,YC剥离机,机械机器设备,20653.89,2015/10/31,2025/10/31,3#工厂3楼
15D390015,YC剥离机,机械机器设备,20653.89,2015/10/31,2025/10/31,3#工厂3楼
15E390003,集尘机大ODM,机械机器设备,31452.99,2015/6/30,2025/6/30,3#工厂3楼
15E390019,大ODM数控钻铣床,机械机器设备,78632.5,2015/7/31,2025/7/31,3#工厂3楼
15E590010,佐藤打印机,辅助生产设备,17555.56,2015/9/30,2025/9/30,3#工厂3楼
15E580013,大ODM空调,辅助生产设备,33752.14,2015/10/31,2025/10/31,3#工厂3楼
15F390001,焊接机,机械机器设备,19658.12,2015/10/31,2025/10/31,3#工厂3楼
16B380004,冷干机1,机械机器设备,10410.26,2016/3/31,2026/3/31,3#工厂3楼
16D390003,剥离机,机械机器设备,31904.34,2016/9/30,2026/9/30,3#工厂3楼
16E390001,小ODM  半自动铁芯组装装置,机械机器设备,450000,2016/1/31,2026/1/31,3#工厂3楼
16E390002,大ODM  冷水机,机械机器设备,45299.15,2016/1/31,2026/1/31,3#工厂3楼
16E390008,小ODM树脂预热机3,机械机器设备,65851.2,2016/3/31,2026/3/31,3#工厂3楼
16E390012,小ODM自动焊锡机3,机械机器设备,452991.45,2016/3/31,2026/3/31,3#工厂3楼
09E390030,风冷式冷水机（东芝2#）,机械机器设备,78205.13,2009/9/30,2019/9/30,3#工厂3楼
16I390002,激光打标机2,机械机器设备,41025.64,2016/10/30,2026/10/31,3#工厂3楼
16I390009,定子轴承压入机,机械机器设备,228962.14,2016/10/30,2026/10/31,3#工厂3楼
16I390010,定子轴承压入治具,机械机器设备,41173.98,2016/10/30,2026/10/31,3#工厂3楼
16I390013,转子轴承压入机,机械机器设备,236399.22,2016/10/30,2026/10/31,3#工厂3楼
16I390014,转子轴承压入治具,机械机器设备,43734.33,2016/10/30,2026/10/31,3#工厂3楼
16I390016,树脂预热机1,机械机器设备,60105.6,2016/10/30,2026/10/31,3#工厂3楼
16I390023,输送机,机械机器设备,12820.51,2016/10/30,2026/10/31,3#工厂3楼
17B390001,激光刻印机,机械机器设备,49572.65,2017/1/30,2027/1/31,3#工厂3楼
17E390023,小ODM定子自动线1,机械机器设备,511250,2018/1/30,2028/1/31,3#工厂3楼
17E390024,小ODM定子自动线2,机械机器设备,511250,2018/1/30,2028/1/31,3#工厂3楼
17E590011,模温机（水用）TW17112377BA,辅助生产设备,16239.32,2018/1/30,2023/1/31,3#工厂3楼
17I390005,铁芯组装机,机械机器设备,420512.82,2017/3/30,2027/3/31,3#工厂3楼
18E390001,喷雾装置,机械机器设备,386324.8,2018/2/28,2028/2/29,3#工厂3楼
18E390007,铁芯自动组装机,机械机器设备,1025641.07,2018/3/30,2028/3/31,3#工厂3楼
18I390001,盖子去毛刺自动化设备,机械机器设备,440170.95,2018/3/30,2028/3/31,3#工厂3楼
18I390003,定子去毛刺自动化设备,机械机器设备,661873.11,2018/6/30,2028/6/30,3#工厂3楼
18I390010,铝线半田机焊锡槽切换设备,机械机器设备,250000,2019/3/30,2029/3/31,3#工厂3楼
19B580001,空调（机械 NO:FW0558）,辅助生产设备,101137.71,2019/7/29,2024/7/31,3#工厂3楼
19C390002,铜线被膜剥离机（90）1#,机械机器设备,40941.18,2019/11/29,2029/11/30,3#工厂3楼
19E390001,大型ODM耐压检查刻印一体机,机械机器设备,403000,2019/9/30,2029/9/30,3#工厂3楼
19I390001,激光刻印机,机械机器设备,218349.14,2019/5/31,2029/5/31,3#工厂3楼
19I390002,激光刻印机,机械机器设备,218349.13,2019/5/31,2029/5/31,3#工厂3楼
19I390023,烟雾过滤器4,辅助生产设备,36000,2019/12/28,2024/12/31,3#工厂3楼
19I590006,模温机6,辅助生产设备,14706.88,2019/4/30,2024/4/30,3#工厂3楼
19I590007,冷水机1,辅助生产设备,43017.24,2019/4/30,2024/4/30,3#工厂3楼
19I580010,室外ODM卷线品中间电检机,机械机器设备,473965.54,2019/7/29,2029/7/31,3#工厂3楼
20E390023,BMC外径切削机集尘强化（9mm对应）,机械机器设备,261061.95,2021/3/30,2031/3/30,3#工厂3楼
20E580002,Z室内ODM定子去毛刺治具(Z),辅助生产设备,49814.16,2020/6/30,2025/6/30,3#工厂3楼
20I390010,烟雾过滤器6#,机械机器设备,36000,2021/1/30,2031/1/30,3#工厂3楼
21I390029,烟雾净化器装置8#,机械机器设备,21183,2022/2/28,2032/2/28,3#工厂3楼
12E580077,移动空调,辅助生产设备,3418.8,2012/9/30,2022/9/30,3#工厂3楼
12E580088,挂壁空调,辅助生产设备,2457,2012/9/30,2022/9/30,3#工厂3楼
12E580089,挂壁空调,辅助生产设备,2457,2012/9/30,2022/9/30,3#工厂3楼
12E580090,挂壁空调,辅助生产设备,2457,2012/9/30,2022/9/30,3#工厂3楼
12E580091,挂壁空调,辅助生产设备,2457,2012/9/30,2022/9/30,3#工厂3楼
07D580013,分电盘,辅助生产设备,62500,2008/1/31,2013/1/31,AC车间
08C590030,流水线,辅助生产设备,6550,2008/5/31,2013/5/31,AC车间
05C390014,剥离机,机械机器设备,159570.92,2005/2/28,2015/2/28,AC车间
05C390025,剥线机,机械机器设备,217672.73,2005/5/31,2015/5/31,AC车间
07C390007,混合气体发生器,机械机器设备,217200,2007/12/31,2017/12/31,AC车间
11H590023,行车3#,辅助生产设备,546229.26,2011/10/31,2016/10/31,模具室
20H680002,空调2,事务用设备,133442.81,2020/7/31,2025/7/31,模具室
20H680003,空调3,事务用设备,133442.81,2020/7/31,2025/7/31,模具室
20H680004,空调4,事务用设备,133442.81,2020/7/31,2025/7/31,模具室
20H680005,空调5,事务用设备,133442.81,2020/7/31,2025/7/31,模具室
20H680001,空调1,事务用设备,148869.95,2020/7/31,2025/7/31,模具室
11H580017,高空作业平台,辅助生产设备,35897.44,2011/7/31,2016/7/31,保全室门口
16I390001,激光打标机1,机械机器设备,41025.64,2016/10/30,2026/10/31,保全室
21B580027,电动机星三角控制线路排故装置,辅助生产设备,13600,2022/4/30,2027/4/30,保全室
21B580028,接线式电气控制实训柜,辅助生产设备,8200,2022/4/30,2027/4/30,保全室
21B580029,插线电气控制实训柜,辅助生产设备,8800,2022/4/30,2027/4/30,保全室
21B580030,PLC控制常见液压模组,辅助生产设备,36000,2022/4/30,2027/4/30,保全室
21B580031,机械装调技术综合实训台,辅助生产设备,42000,2022/4/30,2027/4/30,保全室
21B580026,PLC控制自动化装配实训台,辅助生产设备,82800,2022/4/30,2027/4/30,保全室
11H580008,动力配电箱8#,辅助生产设备,13325.3,2011/6/30,2016/6/30,5#模具室
21B780004,江淮电动托盘车CBD20,运输设备,37168.14,2022/5/31,2027/5/31,5#模具室
21B580015,3工厂模具房行车,辅助生产设备,252126,2022/3/31,2027/3/31,模具室
21B580016,模具保养台,辅助生产设备,38500,2022/3/31,2027/3/31,模具室
21B580017,模具保养台,辅助生产设备,38500,2022/3/31,2027/3/31,模具室
21B580018,部品柜,辅助生产设备,7200,2022/3/31,2027/3/31,模具室
21B580019,部品柜,辅助生产设备,7200,2022/3/31,2027/3/31,模具室
21B580020,部品柜,辅助生产设备,7200,2022/3/31,2027/3/31,模具室
21B580023,部品柜,辅助生产设备,7200,2022/3/31,2027/3/31,模具室
21B580024,部品柜,辅助生产设备,7200,2022/3/31,2027/3/31,模具室
21B580025,部品柜,辅助生产设备,7200,2022/3/31,2027/3/31,模具室
21J590009,3#工厂模具房模具架,机械机器设备,1022600,2022/9/30,2032/9/30,模具室
22J580009,空调,辅助生产设备,77399.99,2022/9/30,2027/9/30,检查室
22J580010,空调,辅助生产设备,77399.99,2022/9/30,2027/9/30,检查室
21B780003,江淮电动托盘车CBD30,运输设备,44601.77,2022/5/31,2027/5/31,3#模具室
17B580016,空调5（AC，机械NO:F000219),辅助生产设备,99145.31,2017/6/30,2022/6/30,AC车间
14C580004,除湿机,辅助生产设备,4153.85,2014/1/31,2019/1/31,AC车间
19B580003,空调（机械 NO:FW0565）,辅助生产设备,101137.71,2019/7/29,2024/7/31,AC车间
08C390007,切割机,机械机器设备,673264.3,2008/5/31,2018/5/31,AC车间
08C590039,流水线,辅助生产设备,5075,2008/10/31,2013/10/31,AC车间
08C590042,190倒角作业台,辅助生产设备,16000,2008/10/31,2013/10/31,AC车间
11C390001,CNC车床（190切削机）,机械机器设备,1849887.24,2011/2/28,2021/2/28,AC车间
11C580001,粗糙度仪,辅助生产设备,18446.6,2011/6/30,2016/6/30,AC车间
05C580062,分电柜,辅助生产设备,37571.43,2005/3/31,2010/3/31,AC车间
05C580063,分电柜,辅助生产设备,37571.43,2005/3/31,2010/3/31,AC车间
05B580025,干燥机,辅助生产设备,10000,2005/8/31,2010/8/31,AC车间
05C580065,分电柜,辅助生产设备,37571.43,2005/3/31,2010/3/31,AC车间
07C580007,分电盘,辅助生产设备,62500,2008/1/31,2013/1/31,AC车间
18C590003,大金变频器（机械NO.3238-179-00116）,辅助生产设备,55862.07,2018/12/30,2023/12/31,AC车间
08C390018,最终整形机,机械机器设备,377333.48,2008/5/31,2018/5/31,AC车间
08C390017,绑线机,机械机器设备,490932.74,2008/5/31,2018/5/31,AC车间
14C390001,铜磷钎焊机,机械机器设备,100101.48,2014/9/30,2024/9/30,AC车间
13D390003,铜磷钎焊机,机械机器设备,173979.63,2013/10/31,2023/10/31,AC车间
08C390002,商周波线圈加热器,机械机器设备,369300,2008/2/28,2018/2/28,AC车间
18C590002,大金变频器（机械NO.3238-179-00121）,辅助生产设备,54137.93,2018/12/30,2023/12/31,AC车间
16B390008,砂轮剥离机2,机械机器设备,36752.14,2016/11/30,2026/11/30,AC车间
16B390006,集尘机2,辅助生产设备,6145.6,2016/11/30,2021/11/30,AC车间
08C390016,中间整形机,机械机器设备,373081.11,2008/5/31,2018/5/31,AC车间
08C390011,C相插线机,机械机器设备,277445.99,2008/5/31,2018/5/31,AC车间
08C390013,B相整形机,机械机器设备,255750.18,2008/5/31,2018/5/31,AC车间
08C390009,A相插线机,机械机器设备,390437.76,2008/5/31,2018/5/31,AC车间
13C390001,绝缘纸插入机（AC190）,机械机器设备,175213.68,2013/11/30,2023/11/30,AC车间
08C390012,A相整形机,机械机器设备,248373.61,2008/5/31,2018/5/31,AC车间
08C390010,B相插线机,机械机器设备,374469.64,2008/5/31,2018/5/31,AC车间
08C390014,C相整形机,机械机器设备,266164.17,2008/5/31,2018/5/31,AC车间
22C590001,AC190流水线,辅助生产设备,27100,2022/8/31,2027/8/31,AC车间
22C580001,AC190捆包装置,辅助生产设备,56474,2022/7/30,2027/7/30,AC车间
08C590031,流水线,辅助生产设备,4225,2008/5/31,2013/5/31,AC车间
08C590035,流水线,辅助生产设备,6550,2008/5/31,2013/5/31,AC车间
08C390019,卷线检查装置,机械机器设备,1316230.4,2008/5/31,2018/5/31,AC车间
08C390020,真空WIT,机械机器设备,116289.53,2008/5/31,2018/5/31,AC车间
05B390004,马达特性检查机,机械机器设备,5612237.08,2005/2/28,2015/2/28,AC车间
05D390022,扎边机,机械机器设备,951978.74,2005/5/31,2015/5/31,AC车间
05D390002,中间预备整形机及附件,机械机器设备,324803.1,2005/2/28,2015/2/28,AC车间
18C390002,铜磷钎锡机（机械NO.36180505),机械机器设备,135663.5,2018/6/30,2028/6/30,AC车间
15C390004,铜磷钎焊机械设备（铜磷钎焊机）,机械机器设备,148186.63,2015/8/31,2025/8/31,AC车间
05D390026,线圈加热器,机械机器设备,378352.76,2005/5/31,2015/5/31,AC车间
05D390015,剥离机,机械机器设备,164294.9,2005/5/31,2015/5/31,AC车间
11D390012,整形机,机械机器设备,1614324.01,2012/3/31,2022/3/31,AC车间
05D390021,卷线整形机,机械机器设备,5215989.47,2005/5/31,2015/5/31,AC车间
05D390018,绝缘纸插入机,机械机器设备,695297.2,2005/5/31,2015/5/31,AC车间
05D590007,固定子积厚检查治具,辅助生产设备,5300,2005/5/31,2010/5/31,AC车间
19D390001,激光刻印机,机械机器设备,280172.4,2019/5/31,2029/5/31,AC车间
05D390020,线圈插入机,机械机器设备,2812925.07,2005/5/31,2015/5/31,AC车间
05D390019,卷线机,机械机器设备,5050445.37,2005/5/31,2015/5/31,AC车间
05D390023,最终成型机,机械机器设备,1024186.88,2005/5/31,2015/5/31,AC车间
14D390003,20HP用固定子组立设备,机械机器设备,2846116.41,2014/2/28,2024/2/29,AC车间
15D590001,滚轴流水线，包含焊锡作业台,辅助生产设备,12820.51,2015/1/31,2020/1/31,AC车间
05C390019,卷线检查机,机械机器设备,1144192.49,2005/2/28,2015/2/28,AC车间
08C390005,绑线机,机械机器设备,408104.38,2008/9/30,2018/9/30,AC车间
14C580011,AC160G定子砂轮剥离机用集尘机,辅助生产设备,15555.56,2014/1/31,2019/1/31,AC车间
14C390002,砂轮剥离机,机械机器设备,5769.23,2014/12/31,2024/12/31,AC车间
16B390005,高频剥离机2,机械机器设备,380291.31,2016/11/30,2026/11/30,AC车间
14D390004,20HP用固定子组立设备变压器,机械机器设备,4415.95,2014/2/28,2024/2/29,AC车间
05C390042,插线机,机械机器设备,338437.74,2005/12/31,2015/12/31,AC车间
14C580001,除湿机,辅助生产设备,4153.79,2014/1/31,2019/1/31,AC车间
14C580002,除湿机,辅助生产设备,4153.85,2014/1/31,2019/1/31,AC车间
05C390029,卷线机,机械机器设备,608653.77,2005/5/31,2015/5/31,AC车间
11B390002,卷线机,机械机器设备,462733.25,2011/11/30,2021/11/30,AC车间
08C390025,卷线机,机械机器设备,29052.91,2008/8/31,2018/8/31,AC车间
05C390092,卷线设定器,机械机器设备,31703.91,2005/12/31,2015/12/31,AC车间
05C390003,卷线机,机械机器设备,578863.62,2005/2/28,2015/2/28,AC车间
08C390008,卷线机,机械机器设备,273627.52,2008/5/31,2018/5/31,AC车间
05C390089,定子特性测试仪,机械机器设备,1434175,2005/12/31,2015/12/31,AC车间
05C390086,卷线测试装置,机械机器设备,591894.61,2005/12/31,2015/12/31,AC车间
05C390018,真空机WIT,机械机器设备,801479.41,2005/2/28,2015/2/28,AC车间
05C390071,卷线检查设备,机械机器设备,449957.45,2005/12/31,2015/12/31,AC车间
05A680026,工作台,事务用设备,2400,2005/8/31,2010/8/31,AC车间
07C590002,定子压槽机治具,辅助生产设备,32000,2007/6/30,2012/6/30,AC车间
05C390017,最终成形机,机械机器设备,297960.67,2005/2/28,2015/2/28,AC车间
05C390049,绑线机,机械机器设备,521953.13,2005/12/31,2015/12/31,AC车间
05C390073,绑线机,机械机器设备,600206.47,2005/12/31,2015/12/31,AC车间
05C390016,最终设备成形机,机械机器设备,282567.16,2005/2/28,2015/2/28,AC车间
05C390012,绑带机,机械机器设备,913893.27,2005/2/28,2015/2/28,AC车间
05C390052,绑线机,机械机器设备,665758.31,2005/12/31,2015/12/31,AC车间
22D390002,铜磷钎焊机,机械机器设备,113422.23,2022/8/31,2032/8/31,AC车间
16B390009,砂轮剥离机2,机械机器设备,36752.14,2016/11/30,2026/11/30,AC车间
07C390004,高周波线圈加热器,机械机器设备,323125,2007/12/31,2017/12/31,AC车间
05C390048,中间整形机,机械机器设备,702697.91,2005/12/31,2015/12/31,AC车间
05C390024,C型线圈整线机及附件,机械机器设备,324803.1,2005/2/28,2015/2/28,AC车间
05C390076,整形机,机械机器设备,355424.09,2005/12/31,2015/12/31,AC车间
05C390023,B型线圈整线机及附件,机械机器设备,597653.1,2005/2/28,2015/2/28,AC车间
05C390067,B相线圈整形机,机械机器设备,334591.46,2005/12/31,2015/12/31,AC车间
05C390022,A型线圈整线机及附件,机械机器设备,548682.5,2005/2/28,2015/2/28,AC车间
05C390066,A相线圈整形机,机械机器设备,313458.58,2005/12/31,2015/12/31,AC车间
05C390046,B相整形机,机械机器设备,780436.23,2005/12/31,2015/12/31,AC车间
05C390045,A相整形机,机械机器设备,406885.29,2005/12/31,2015/12/31,AC车间
05C390053,线圈整形机,机械机器设备,299681.68,2005/12/31,2015/12/31,AC车间
05C390056,线圈整形机,机械机器设备,142781.84,2005/12/31,2015/12/31,AC车间
05C390055,线圈整形机,机械机器设备,143082.11,2005/12/31,2015/12/31,AC车间
05C390051,线圈插入机,机械机器设备,641702.3,2005/12/31,2015/12/31,AC车间
05C390065,插线机,机械机器设备,747096.33,2005/12/31,2015/12/31,AC车间
05C390081,线圈插入机,机械机器设备,2119115.21,2005/12/31,2015/12/31,AC车间
05C390074,插线机,机械机器设备,580465.2,2005/12/31,2015/12/31,AC车间
05C390075,插线机,机械机器设备,707543.92,2005/12/31,2015/12/31,AC车间
05C390078,插线机,机械机器设备,946351.23,2005/12/31,2015/12/31,AC车间
05C390010,线圈插入机,机械机器设备,968648.31,2005/2/28,2015/2/28,AC车间
05C390008,线圈插入机,机械机器设备,1280836.64,2005/2/28,2015/2/28,AC车间
05C390044,插线机,机械机器设备,338437.75,2005/12/31,2015/12/31,AC车间
05C390043,插线机,机械机器设备,338437.74,2005/12/31,2015/12/31,AC车间
05C390059,线圈插入机,机械机器设备,641712.53,2005/12/31,2015/12/31,AC车间
05C390060,刻印机,机械机器设备,147459.41,2005/12/31,2015/12/31,AC车间
19C390001,激光刻印机,机械机器设备,280172.4,2019/5/31,2029/5/31,AC车间
05C390001,绝缘纸插入机,机械机器设备,1120455.25,2005/2/28,2015/2/28,AC车间
06B390003,轧边机,机械机器设备,1168348.7,2006/10/31,2016/10/31,AC车间
05C390050,槽绝缘纸插入机,机械机器设备,898168.22,2005/12/31,2015/12/31,AC车间
05C390077,槽绝缘纸插入机,机械机器设备,1060169.48,2005/12/31,2015/12/31,AC车间
16B580006,除湿机2,辅助生产设备,5042.73,2016/3/31,2021/3/31,AC车间
14C580003,除湿机,辅助生产设备,4153.85,2014/1/31,2019/1/31,AC车间
19B580002,空调（机械 NO:FW0559）,辅助生产设备,101137.71,2019/7/29,2024/7/31,AC车间
17B580014,空调3（AC，机械NO:F000222),辅助生产设备,99145.3,2017/6/30,2022/6/30,AC车间
05C580066,分电柜,辅助生产设备,37571.43,2005/3/31,2010/3/31,AC车间
05C580064,分电柜,辅助生产设备,37571.43,2005/3/31,2010/3/31,AC车间
17B580015,空调4（AC，机械NO:F000223),辅助生产设备,99145.31,2017/6/30,2022/6/30,AC车间
05B590042,治具,辅助生产设备,184201.53,2005/10/31,2010/10/31,AC车间
18C390003,铜磷钎锡机（机械NO.36180506),机械机器设备,135663.49,2018/6/30,2028/6/30,AC车间
06B590027,积厚检测治具,辅助生产设备,14000,2006/11/30,2011/11/30,AC车间
07C390003,高周波线圈加热器,机械机器设备,323125,2007/12/31,2017/12/31,AC车间
08C390028,卷线检查装置,机械机器设备,292659.35,2008/9/30,2018/9/30,DC车间
11B390003,真空WIT检查治具,机械机器设备,1228626.39,2011/11/30,2021/11/30,DC车间
11C390003,绑线机,机械机器设备,543850.92,2011/6/30,2021/6/30,DC车间
07C390009,混合气体发生器,机械机器设备,108600,2007/12/31,2017/12/31,DC车间
14D590005,12HP定子砂轮剥离机用集尘机,辅助生产设备,15555.54,2014/1/31,2019/1/31,DC车间
09D390001,马达卷线机,机械机器设备,1414167.52,2009/1/31,2019/1/31,DC车间
09D390002,绝缘纸插片机,机械机器设备,3916791.69,2009/1/31,2019/1/31,DC车间
14D590015,激光打标机（松下）,辅助生产设备,471863.24,2014/7/31,2019/7/31,DC车间
14D590013,新机种对应扫描器购买,辅助生产设备,14188.03,2014/4/30,2019/4/30,DC车间
18D390004,下口纸插入机（机械 NO.CL-18021),机械机器设备,2062448.36,2019/1/31,2029/1/31,DC车间
20D390002,防护罩装置,机械机器设备,68407,2021/2/28,2031/2/28,DC车间
20D390004,卷线机,机械机器设备,2534283.42,2021/1/30,2031/1/30,DC车间
13D390005,2YC63/90下口插入机,机械机器设备,2988601.3,2013/11/30,2023/11/30,DC车间
15D390010,2YC集尘机,机械机器设备,9919.3,2015/10/31,2025/10/31,DC车间
15D390008,YC剥离机,机械机器设备,20653.89,2015/10/31,2025/10/31,DC车间
15D390006,YC压着机,机械机器设备,61067.39,2015/10/31,2025/10/31,DC车间
15C390003,卷线机设备（DC车间YC产线）,机械机器设备,2879778.05,2015/8/31,2025/8/31,DC车间
05B580027,2号工厂分电盘3个,辅助生产设备,92000,2005/8/31,2010/8/31,DC车间
14D590004,除湿机,辅助生产设备,4153.85,2014/1/31,2019/1/31,DC车间
05D390007,自动卷线机,机械机器设备,1453051.52,2005/3/31,2015/3/31,DC车间
05D390006,绝缘纸插入机,机械机器设备,1479170.94,2005/3/31,2015/3/31,DC车间
18B580009,空调（机械NO.F000301),辅助生产设备,123885.06,2018/6/30,2023/6/30,DC车间
18B580008,空调（机械NO.F000305),辅助生产设备,123885.05,2018/6/30,2023/6/30,DC车间
21D580001,71A卷线机AI IOT单元,辅助生产设备,66725.66,2022/6/30,2027/6/30,DC车间
07D590002,定子压槽机治具,辅助生产设备,28000,2007/6/30,2012/6/30,DC车间
14D590002,除湿机,辅助生产设备,4153.85,2014/1/31,2019/1/31,DC车间
16B580008,除湿机4,辅助生产设备,5042.74,2016/3/31,2021/3/31,DC车间
17B580008,YC定子端子自动检测设备,辅助生产设备,128205.13,2017/5/30,2022/5/31,DC车间
17B580006,YC定子端子自动检测设备,辅助生产设备,128205.13,2017/5/30,2022/5/31,DC车间
11H680038,空调1#,事务用设备,60317.5,2011/8/31,2016/8/31,DC车间
05D390034,卷线机,机械机器设备,1232261.82,2005/12/31,2015/12/31,DC车间
05D390033,卷线机,机械机器设备,1964152.9,2005/12/31,2015/12/31,DC车间
12D390016,绝缘纸插入机,机械机器设备,1956470.19,2012/4/30,2022/4/30,DC车间
21D590004,砂轮剥离机4#,机械机器设备,28433.63,2021/5/31,2031/5/31,DC车间
15D390018,2YC高频剥离机,机械机器设备,296225.03,2015/10/31,2025/10/31,DC车间
19C390005,YC自动焊锡机,机械机器设备,248275.85,2021/1/30,2031/1/30,DC车间
05D390035,接线端子压入机,机械机器设备,99989.19,2005/12/31,2015/12/31,DC车间
10D390003,卷线机,机械机器设备,784500.22,2010/12/31,2020/12/31,DC车间
15B590002,定子激光打标机,辅助生产设备,576324.78,2015/2/28,2020/2/29,DC车间
05D580003,145转子分电盘,辅助生产设备,36500,2005/4/30,2010/4/30,DC车间
05D580004,145转子分电盘,辅助生产设备,36500,2005/4/30,2010/4/30,DC车间
11D390001,卷线机,机械机器设备,2132927.68,2011/7/31,2021/7/31,DC车间
15D390017,YC剥离机,机械机器设备,20653.89,2015/10/31,2025/10/31,DC车间
15D390005,YC压着机,机械机器设备,61067.38,2015/10/31,2025/10/31,DC车间
15D390011,YC集尘机,机械机器设备,19838.6,2015/10/31,2025/10/31,DC车间
15D390007,2YC高频剥离机,机械机器设备,296225.02,2015/10/31,2025/10/31,DC车间
05D390032,绝缘纸插入机,机械机器设备,1552671.95,2005/12/31,2015/12/31,DC车间
21D590001,砂轮剥离机1#,机械机器设备,28433.63,2021/5/31,2031/5/31,DC车间
18D390002,YC自动焊锡机1,机械机器设备,248275.85,2018/11/30,2028/11/30,DC车间
10D390001,端子压着机4#,机械机器设备,95253.25,2010/7/31,2020/7/31,DC车间
16D390001,ε机种cell线端子机压着部治具,机械机器设备,78182.37,2016/1/31,2026/1/31,DC车间
05D390013,接线端子压入机,机械机器设备,156204.52,2005/3/31,2015/3/31,DC车间
17D390006,YC自动焊锡机,机械机器设备,204690,2018/1/30,2028/1/31,DC车间
21D590003,砂轮剥离机3#,机械机器设备,28433.63,2021/5/31,2031/5/31,DC车间
14D390007,卷线机,机械机器设备,3375354.31,2014/11/30,2024/11/30,DC车间
07C390005,高周波线圈加热器,机械机器设备,323125,2007/12/31,2017/12/31,DC车间
21D590005,砂轮剥离机5#,机械机器设备,28433.63,2021/5/31,2031/5/31,DC车间
05B390008,台钻,机械机器设备,6500,2005/9/30,2015/9/30,DC车间
07D390001,ODAWARA牌卷线机,机械机器设备,1794773.61,2007/12/31,2017/12/31,DC车间
18D390003,YC自动焊锡机2,机械机器设备,248275.85,2018/11/30,2028/11/30,DC车间
21D590006,砂轮剥离机6#,机械机器设备,28433.63,2021/5/31,2031/5/31,DC车间
19C390003,诱导加热装置（90机种）,机械机器设备,383435.67,2019/11/29,2029/11/30,DC车间
16D390002,ε机种cell线集尘机,机械机器设备,12193.96,2016/1/31,2026/1/31,DC车间
20D390001,YC用自动流水线,机械机器设备,92500,2020/7/31,2030/7/31,DC车间
06D390003,卷线机,机械机器设备,2284676.85,2006/12/31,2016/12/31,DC车间
18B580007,空调（机械NO.F000302),辅助生产设备,123885.05,2018/6/30,2023/6/30,DC车间
14D590017,空调（二课）,辅助生产设备,199761.54,2014/11/30,2019/11/30,DC车间
19B580005,空调（机械 NO:FW0523）,辅助生产设备,101137.71,2019/7/29,2024/7/31,DC车间
14D590003,除湿机,辅助生产设备,4153.85,2014/1/31,2019/1/31,DC车间
21D390038,卷线机张力控制装置,机械机器设备,240000,2022/3/31,2032/3/31,DC车间
05D580010,抛光工具,辅助生产设备,17945.78,2005/6/30,2010/6/30,DC车间
15D390013,YC剥离机,机械机器设备,20653.89,2015/10/31,2025/10/31,DC车间
18B580003,空调（机械NO.G003106）,辅助生产设备,37758.62,2018/6/30,2023/6/30,DC车间
19C390004,压着机本体,机械机器设备,67319,2019/11/29,2029/11/30,DC车间
16B380003,冷干机2,机械机器设备,14256.41,2016/3/31,2026/3/31,DC车间
05C390080,整形机,机械机器设备,201395.96,2005/12/31,2015/12/31,DC车间
15D390016,YC剥离机,机械机器设备,20653.89,2015/10/31,2025/10/31,DC车间
11D390010,端子铆接治具,机械机器设备,128295.24,2011/11/30,2021/11/30,DC车间
18B580004,空调（机械NO.F000334),辅助生产设备,86612.07,2018/6/30,2023/6/30,DC车间
18D390001,电检机自动化,机械机器设备,1818227.31,2018/3/30,2028/3/31,DC车间
07D680003,防火柜,事务用设备,5500,2007/9/30,2012/9/30,DC车间
12D580029,气罐,辅助生产设备,4658.12,2012/9/30,2017/9/30,DC车间
13D590007,4S柔性组合式单梁悬挂起重机,辅助生产设备,51282.05,2013/11/30,2018/11/30,DC车间
12D580030,气罐,辅助生产设备,4658.12,2012/9/30,2017/9/30,DC车间
16B390007,集尘机2,辅助生产设备,6145.59,2016/11/30,2021/11/30,DC车间
21D590002,砂轮剥离机2#,机械机器设备,28433.63,2021/5/31,2031/5/31,DC车间
05C590069,定子内径量具,辅助生产设备,2500,2005/6/30,2010/6/30,DC车间
12D580026,手动吊车,辅助生产设备,72730.14,2012/6/30,2017/6/30,DC车间
05D590018,检查治具,辅助生产设备,2487,2005/12/31,2010/12/31,DC车间
21D390021,集尘机1号机,机械机器设备,32596,2022/2/28,2032/2/28,DC车间
21D390022,集尘机2号机,机械机器设备,32596,2022/2/28,2032/2/28,DC车间
21D390023,端子压着机,机械机器设备,64800,2022/3/31,2032/3/31,DC车间
21D390024,端子压着机,机械机器设备,64800,2022/3/31,2032/3/31,DC车间
22D390003,铜磷钎焊机,机械机器设备,113422.23,2022/8/31,2032/8/31,DC车间
21D390002,YC集中卷自动焊锡机2#,机械机器设备,368000,2022/3/31,2032/3/31,DC车间
21D390001,YC集中卷自动焊锡机3#,机械机器设备,368000,2022/3/31,2032/3/31,DC车间
21D390047,YC捆包装置手动3线,辅助生产设备,97568.5,2022/3/31,2027/3/31,DC车间
21D390040,YC捆包装置手动1线,辅助生产设备,140762,2022/3/31,2027/3/31,DC车间
21D390035,卷线机张力控制装置,机械机器设备,240000,2022/3/31,2032/3/31,DC车间
21D390033,卷线机,机械机器设备,1621422.9,2022/7/30,2032/7/30,DC车间
21D390034,下口绝缘纸插入机,机械机器设备,1374752.88,2022/7/30,2032/7/30,DC车间
16B580005,除湿机1,辅助生产设备,5042.73,2016/3/31,2021/3/31,DC车间
08C590033,流水线,辅助生产设备,8625,2008/5/31,2013/5/31,DC车间
22D590001,集尘机,辅助生产设备,12850,2022/9/30,2027/9/30,DC车间
22D590012,砂轮剥离机（同步带）,辅助生产设备,67875,2022/9/30,2027/9/30,DC车间
22D590002,集尘机,辅助生产设备,12850,2022/9/30,2027/9/30,DC车间
22D590003,集尘机,辅助生产设备,12850,2022/9/30,2027/9/30,DC车间
22D590004,集尘机,辅助生产设备,12850,2022/9/30,2027/9/30,DC车间
22D390008,铜磷钎焊机,机械机器设备,111327.45,2022/9/30,2032/9/30,DC车间
14D590012,脚踏剪式升高液压搬运车,辅助生产设备,4444.46,2014/2/28,2019/2/28,DC车间
14D390005,20HP用固转子组立设备,机械机器设备,1485959.34,2014/2/28,2024/2/29,DC转子
17D390005,视觉系统1（20HP/G-DC合并改造治具）,机械机器设备,27350.43,2017/3/30,2027/3/31,DC转子
17E390004,视觉系统2（画像检查治具）,机械机器设备,59829.06,2017/3/30,2027/3/31,DC转子
14D390006,20HP用固转子组立设备变压器,机械机器设备,2207.98,2014/2/28,2024/2/29,DC转子
13F590001,铆接控制器,辅助生产设备,9485.53,2013/6/30,2018/6/30,DC转子
15D580006,转子铆钉矽钢片全自动检测系统,辅助生产设备,385548.19,2015/4/29,2020/4/30,DC转子
16I390003,激光打标机3,机械机器设备,41025.64,2016/10/30,2026/10/31,DC转子
16B590034,转子检查设备,辅助生产设备,376194.74,2016/9/30,2021/9/30,DC转子
12D390018,铆接机,机械机器设备,277113.48,2012/4/30,2022/4/30,DC转子
16B590032,转子检查设备,辅助生产设备,547134.92,2016/9/30,2021/9/30,DC转子
17D390003,激光刻印机5,机械机器设备,41025.64,2017/1/30,2027/1/31,DC转子
14D390002,铆接机,机械机器设备,534190.84,2014/1/31,2024/1/31,DC转子
16B590033,转子检查设备,辅助生产设备,385410.26,2016/9/30,2021/9/30,DC转子
17D390002,激光刻印机4,机械机器设备,41025.64,2017/1/30,2027/1/31,DC转子
12D390017,铆接机,机械机器设备,131735.56,2012/4/30,2022/4/30,DC转子
21D390046,转子捆包装置20HP线,辅助生产设备,74393.5,2022/3/31,2027/3/31,DC转子
12D580035,堆高货架,辅助生产设备,58205.13,2012/11/30,2017/11/30,DC转子
05D390001,自动夹固机,机械机器设备,1967106.47,2005/1/31,2015/1/31,DC转子
12D390011,转子检查、铆接机,机械机器设备,5385998.33,2012/4/30,2022/4/30,DC转子
15D590004,触摸屏（转子）,辅助生产设备,12564.1,2015/2/28,2020/2/29,DC转子
12D390004,转子铆接机-2,机械机器设备,534190.84,2012/12/31,2022/12/31,DC转子
12D390003,转子铆接机-1,机械机器设备,586509.85,2012/12/31,2022/12/31,DC转子
12D390015,最终检查激光刻印,机械机器设备,1115923.26,2012/4/30,2022/4/30,DC转子
17D590006,激光刻印机,辅助生产设备,256410.26,2017/8/30,2022/8/31,DC转子
15B590003,二维码自动读存设备,辅助生产设备,42735.04,2015/3/31,2020/3/31,DC转子
14D590014,扫描器,辅助生产设备,14529.91,2014/4/30,2019/4/30,DC转子
12D590021,传送装置,辅助生产设备,2064634.88,2012/4/30,2017/4/30,DC转子
12D590018,读码器,辅助生产设备,27985.62,2012/4/30,2017/4/30,DC转子
17D590002,20HP铆接治具1,辅助生产设备,118610,2017/2/28,2022/2/28,DC转子
17D590003,20HP铆接治具2,辅助生产设备,103718.51,2017/2/28,2022/2/28,DC转子
13D580011,变压器4#,辅助生产设备,2222.22,2013/11/30,2018/11/30,DC转子
13D580013,变压器6#,辅助生产设备,2222.22,2013/11/30,2018/11/30,DC转子
13D580012,变压器5#,辅助生产设备,2222.22,2013/11/30,2018/11/30,DC转子
13D580010,变压器3#,辅助生产设备,2008.55,2013/11/30,2018/11/30,DC转子
13D580009,变压器2#,辅助生产设备,3316.24,2013/11/30,2018/11/30,DC转子
13D580008,变压器1#,辅助生产设备,3316.24,2013/11/30,2018/11/30,DC转子
12D580010,标配快速卷帘门,辅助生产设备,19230.77,2012/7/31,2017/7/31,DC转子
12D580013,标配快速卷帘门,辅助生产设备,22230.77,2012/7/31,2017/7/31,DC转子
12D580014,标配快速卷帘门,辅助生产设备,19230.77,2012/7/31,2017/7/31,DC转子
12D580015,标配快速卷帘门,辅助生产设备,19230.77,2012/7/31,2017/7/31,DC转子
12D580027,快速卷帘门,辅助生产设备,21367.52,2012/7/31,2017/7/31,DC转子
17D590005,液压泵1,辅助生产设备,18728,2017/1/30,2022/1/31,DC转子
11E580013,电控柜 100A,辅助生产设备,14102.56,2011/9/30,2016/9/30,DC转子
11E580014,电控柜 200A,辅助生产设备,17094.02,2011/9/30,2016/9/30,DC转子
13F590003,铆接治具（1YC22BXD）,辅助生产设备,27809.9,2013/6/30,2018/6/30,DC转子
14D590016,160K新机种铆接治具,辅助生产设备,33874.97,2014/9/30,2019/9/30,DC转子
13F590002,铆接治具（2YC71AXD）,辅助生产设备,34886.41,2013/6/30,2018/6/30,DC转子
13F590006,铆接治具（2YC71AXD）,辅助生产设备,35745.57,2013/8/31,2018/8/31,DC转子
18D490001,转子自动流水线电脑,电子设备,9482.76,2018/6/30,2023/6/30,DC转子
13F580004,除湿机,辅助生产设备,4273.5,2013/8/31,2018/8/31,DC转子
13F580005,除湿机,辅助生产设备,4273.51,2013/8/31,2018/8/31,DC转子
11D390009,冷冻式干燥机,机械机器设备,14957.26,2011/10/31,2021/10/31,DC转子
17D590004,液压泵2,辅助生产设备,18728,2017/1/30,2022/1/31,DC转子
11D590013,90BXD治具1套,辅助生产设备,161235.36,2011/11/30,2016/11/30,DC转子
11D590007,2YC90 转子铆接治具,辅助生产设备,45578.74,2011/9/30,2016/9/30,DC转子
14D590018,160K治具,辅助生产设备,10900,2014/11/30,2019/11/30,DC转子
15D590002,100K治具,辅助生产设备,9360,2015/2/28,2020/2/29,DC转子
05B480007,精密电子称,电子设备,2350,2005/10/31,2010/10/31,DC转子
09D390003,马达转子插片机,机械机器设备,1310804.84,2009/1/31,2019/1/31,DC转子
21D390042,转子捆包装置112线,辅助生产设备,74393.5,2022/3/31,2027/3/31,DC转子
21D390043,转子捆包装置125线,辅助生产设备,74393.5,2022/3/31,2027/3/31,DC转子
21D390044,转子捆包装置12HP线,辅助生产设备,74393.5,2022/3/31,2027/3/31,DC转子
21D390045,转子捆包装置自动线,辅助生产设备,93161.5,2022/3/31,2027/3/31,DC转子
17D390001,激光刻印机3,机械机器设备,41025.64,2017/1/30,2027/1/31,DC转子
16B580030,电动液压车1台,辅助生产设备,13589.75,2016/8/31,2021/8/31,DC转子
13D590001,步行站驾式平衡重堆高车,辅助生产设备,61111.11,2013/1/31,2018/1/31,DC转子
16I390015,磁束测量机,机械机器设备,170940.18,2016/10/30,2026/10/31,PMG
14E590012,空调（PMG）,辅助生产设备,3675.21,2014/11/30,2019/11/30,PMG
16E580028,集尘器,辅助生产设备,31213.68,2016/9/30,2021/9/30,PMG
08E390010,磁束测量机(PMG),机械机器设备,533024.34,2008/8/31,2018/8/31,PMG
08E390031,脱磁装置,机械机器设备,90000,2008/8/31,2018/8/31,PMG
11E590002,气动量仪,辅助生产设备,6837.6,2011/7/31,2016/7/31,PMG
13E590031,PMG检查治具,辅助生产设备,6356.85,2013/11/30,2018/11/30,PMG
11E580028,2HP挂壁式空调,辅助生产设备,7910.26,2011/11/30,2016/11/30,PMG
08E390050,冷却装置PMG,机械机器设备,15000,2008/11/30,2018/11/30,PMG
16E390020,冷水机,机械机器设备,45299.15,2016/4/30,2026/4/30,PMG
17E590007,PMG转子成型机机械手-2（自动化）,辅助生产设备,75747.86,2017/11/30,2022/11/30,PMG
08E390028,金型温调机（东芝1#）PMG,机械机器设备,21400,2008/7/31,2018/7/31,PMG
09E390036,脱湿干燥机（东芝4#）,机械机器设备,33141.03,2010/4/30,2020/4/30,PMG
17I590005,混料配比箱（NO:MTA17090035DA),辅助生产设备,20512.82,2017/12/30,2022/12/31,PMG
17I590003,输送风机（NO:AL17080051AA),辅助生产设备,15384.62,2017/12/30,2022/12/31,PMG
08E390037,全自动射出成型机,机械机器设备,615450,2008/10/31,2018/10/31,PMG
08E390029,低速粉碎机（东芝1#）PMG,机械机器设备,36900,2008/7/31,2018/7/31,PMG
09E390023,风冷式水冷机（东芝4#）,机械机器设备,75213.68,2009/9/30,2019/9/30,PMG
21E390007,PMG强制冷却装置,辅助生产设备,176991.15,2021/8/31,2026/8/31,PMG
17E590008,PMG转子成型机机器人,辅助生产设备,233547.02,2017/11/30,2022/11/30,PMG
17I590001,油温机（NO:KCO17080121AA),辅助生产设备,19658.12,2017/12/30,2022/12/31,PMG
08E390024,脱湿干燥机（东芝1#）PMG,机械机器设备,85800,2008/7/31,2018/7/31,PMG
08E390040,全自动射出成型机3号,机械机器设备,614581.2,2008/10/31,2018/10/31,PMG
16E590025,横走式单轴伺服机械手臂4,辅助生产设备,33333.33,2016/5/31,2021/5/31,PMG
09E390025,风冷式水冷机（海天3#）,机械机器设备,40170.94,2009/9/30,2019/9/30,PMG
16E390003,大ODM  全自动冷水机,机械机器设备,92307.69,2016/1/31,2026/1/31,PMG
16I390005,冷却装置,机械机器设备,170940.17,2016/10/30,2026/10/31,PMG
16E390005,东芝全自动射出成型机,机械机器设备,502443.72,2016/3/31,2026/3/31,PMG
16I390022,粉碎机,机械机器设备,29914.53,2016/10/30,2026/10/31,PMG
16I390021,混料机,机械机器设备,17094.02,2016/10/30,2026/10/31,PMG
18I390013,输送机,机械机器设备,17241.38,2019/3/30,2029/3/31,PMG
08E390023,脱湿干燥机（海天2#）PMG,机械机器设备,58400,2008/7/31,2018/7/31,PMG
11E590003,起重机,辅助生产设备,285206.29,2011/10/31,2016/10/31,PMG
08E390025,金型温调机（海天2#）PMG,机械机器设备,21400,2008/7/31,2018/7/31,PMG
16I390020,模温机,机械机器设备,17094.02,2016/10/30,2026/10/31,PMG
08E390042,金型温调机,机械机器设备,18000,2008/11/30,2018/11/30,PMG
17I590002,油温机（NO:KCO17080122AA),辅助生产设备,19658.12,2017/12/30,2022/12/31,PMG
18I390018,干燥机,机械机器设备,43965.52,2019/3/30,2029/3/31,PMG
19E390006,全电动射出成型机,机械机器设备,508849.56,2020/2/28,2030/2/28,PMG
18I390019,风冷式冷水机,机械机器设备,51724.14,2019/3/30,2029/3/31,PMG
17I390003,冷水机4,机械机器设备,45299.14,2017/1/30,2027/1/31,PMG
18I390007,PMG冷却机,机械机器设备,168965.52,2019/2/28,2029/2/28,PMG
08E390003,全自动射出成型机（东芝1#）,机械机器设备,648270,2008/7/31,2018/7/31,PMG
18I390014,混料箱,机械机器设备,23275.86,2019/3/30,2029/3/31,PMG
16I390019,树脂干燥机,机械机器设备,39316.24,2016/10/30,2026/10/31,PMG
17E590005,PMG转子成型机机械手-1（自动化）,辅助生产设备,75747.86,2017/11/30,2022/11/30,PMG
09E390011,金型温调机,机械机器设备,16025.64,2009/6/30,2019/6/30,PMG
16I390035,模温机2,机械机器设备,17094.02,2016/12/30,2026/12/31,PMG
11D580028,动力配电柜,辅助生产设备,16666.67,2011/10/31,2016/10/31,PMG
11D580029,动力配电柜,辅助生产设备,18376.07,2011/10/31,2016/10/31,PMG
20E390019,Z-ODM转子冷却装置,机械机器设备,173451.33,2020/7/31,2030/7/31,PMG
17I390004,平衡度检测机,机械机器设备,445430.49,2017/1/30,2027/1/31,PMG
19E390003,磁束测量机（机械NO：MZDT2T),机械机器设备,215575.23,2020/1/28,2030/1/31,PMG
08E390026,低速粉碎机（海天2#）PMG,机械机器设备,36900,2008/7/31,2018/7/31,PMG
20E390009,风冷式冷水机,机械机器设备,38938.05,2020/5/31,2030/5/31,PMG
18I390012,全电动射出成型机,机械机器设备,495689.66,2019/3/30,2029/3/31,PMG
17I590004,低速粉碎机（NO：KGS17090256AA）,辅助生产设备,31623.93,2017/12/30,2022/12/31,PMG
20E390013,脱湿干燥机,机械机器设备,44247.79,2020/5/31,2030/5/31,PMG
20E390014,混料箱,机械机器设备,23628.32,2020/5/31,2030/5/31,PMG
20E390015,输送机,机械机器设备,17522.12,2020/5/31,2030/5/31,PMG
19I590002,模温机2,辅助生产设备,14706.9,2019/4/30,2024/4/30,PMG
19I590001,模温机1,辅助生产设备,14706.9,2019/4/30,2024/4/30,PMG
11E390001,川田冷水机,机械机器设备,78205.13,2011/4/30,2021/4/30,PMG
09E390034,射出成型机海天3#,机械机器设备,145299.14,2009/10/31,2019/10/31,PMG
18I390016,模温机（油用）,机械机器设备,21551.72,2019/3/30,2029/3/31,PMG
09E390008,自动进料机,机械机器设备,33760.68,2009/3/31,2019/3/31,PMG
09E390026,脱湿干燥机（海天3#）,机械机器设备,27350.43,2009/9/30,2019/9/30,PMG
09E390028,混合装置（海天3#）,机械机器设备,29829.06,2009/9/30,2019/9/30,PMG
20E390012,低速粉碎机,机械机器设备,36637.17,2020/5/31,2030/5/31,PMG
21J590017,送风定温恒温箱,辅助生产设备,27903.98,2022/6/30,2027/6/30,PMG
13E590030,脱湿干燥机,辅助生产设备,29914.53,2013/10/31,2018/10/31,PMG
13E390013,低速粉碎机,机械机器设备,25641.03,2013/10/31,2023/10/31,PMG
13E390015,混料机,机械机器设备,14529.91,2013/10/31,2023/10/31,PMG
21L390001,中子机用油压装置,辅助生产设备,35900,2022/3/31,2027/3/31,PMG
13E390012,金型温调机,机械机器设备,16239.32,2013/10/31,2023/10/31,PMG
13E390011,住友全自动射出成型机,机械机器设备,649158,2013/10/31,2023/10/31,PMG
20E390011,风冷式冷水机,机械机器设备,38938.05,2020/5/31,2030/5/31,PMG
14E390001,循环冷水水质改善装置,机械机器设备,41025.64,2014/1/31,2024/1/31,PMG
12E390047,全自动射出成型机,机械机器设备,903597.62,2012/9/30,2022/9/30,PMG
08E390049,金型温调机,机械机器设备,18000,2008/11/30,2018/11/30,PMG
09E390012,脱湿干燥剂,机械机器设备,32051.28,2009/6/30,2019/6/30,PMG
10E590007,PMG粉碎机,辅助生产设备,25641.03,2010/5/31,2015/5/31,PMG
09E390035,脱湿干燥机（东芝3#）,机械机器设备,33141.02,2010/4/30,2020/4/30,PMG
18I390017,模温机（水用）,机械机器设备,16379.31,2019/3/30,2029/3/31,PMG
10E590004,风冷式冷水机,辅助生产设备,78205.13,2010/4/30,2015/4/30,PMG
18E390024,东芝全电动注塑机,机械机器设备,493965.52,2019/3/30,2029/3/31,PMG
16E590003,注塑成型机 机械手臂流水线1,辅助生产设备,5555.56,2016/3/31,2021/3/31,PMG
16E590004,注塑成型机 机械手臂流水线2,辅助生产设备,5555.55,2016/3/31,2021/3/31,PMG
13E590029,冷水机,辅助生产设备,44444.44,2013/10/31,2018/10/31,PMG
08E390041,全自动射出成型机4号,机械机器设备,683521.37,2008/10/31,2018/10/31,PMG
17E590012,模温机（水用）TW17112378BA,辅助生产设备,16239.31,2018/1/30,2023/1/31,PMG
16E590026,横走式单轴伺服机械手臂5,辅助生产设备,33333.34,2016/5/31,2021/5/31,PMG
14E590006,空调2台,辅助生产设备,264957.26,2014/6/30,2019/6/30,PMG
13E590026,YC绝缘子AN靠模,辅助生产设备,12649.57,2013/10/31,2023/10/31,PMG
09E590010,张力计,辅助生产设备,9592.23,2010/1/31,2015/1/31,PMG
22J580012,工业风扇,辅助生产设备,28500,2022/9/30,2027/9/30,PMG
22J580013,工业风扇,辅助生产设备,28500,2022/9/30,2027/9/30,PMG
22K590003,PMG材料干燥机,辅助生产设备,48495,2022/8/31,2027/8/31,PMG
22K590002,PMG材料干燥机,辅助生产设备,48495,2022/8/31,2027/8/31,PMG
22K590004,PMG捆包装置1#,辅助生产设备,45712.15,2022/9/30,2027/9/30,PMG
16F390002,定子压装检测设备2,机械机器设备,269230.76,2016/6/30,2026/6/30,冲压
16F390001,定子压装检测设备1,机械机器设备,269230.76,2016/6/30,2026/6/30,冲压
11F390009,材料切断熔接装置,机械机器设备,828652.38,2011/10/31,2021/10/31,冲压
18F590001,双头材料架+S型整平机,辅助生产设备,323076.92,2018/3/30,2023/3/31,冲压
11F390001,300吨冲压机,机械机器设备,6855467.44,2011/10/31,2021/10/31,冲压
15F590002,废料检出装置,辅助生产设备,25299.15,2015/7/31,2020/7/31,冲压
16F590003,流水线（冲压-01）,辅助生产设备,23564.1,2016/9/30,2021/9/30,冲压
11F390006,300吨送料机,机械机器设备,2663024.75,2011/10/31,2021/10/31,冲压
11F390003,MAC周边装置300吨冲床用,机械机器设备,1647092.79,2011/7/31,2021/7/31,冲压
11F590003,HMX-3000冲压机防音箱,辅助生产设备,131393.17,2011/8/31,2016/8/31,冲压
11H590018,行车1#,辅助生产设备,494947.21,2011/10/31,2016/10/31,冲压
11F390002,MAC周边装置125吨冲床用,机械机器设备,662073.5,2011/6/30,2021/6/30,冲压
11F390005,125吨送料机,机械机器设备,1761725.41,2011/10/31,2021/10/31,冲压
16F580001,洗地机,辅助生产设备,27034.19,2016/8/31,2021/8/31,冲压
11F390008,废料回收机,机械机器设备,3975139.32,2011/10/31,2021/10/31,冲压
11H580001,动力配电箱1#,辅助生产设备,15197.33,2011/6/30,2016/6/30,冲压
11H580002,动力配电箱2#,辅助生产设备,17668.57,2011/6/30,2016/6/30,冲压
11H580003,动力配电箱3#,辅助生产设备,23288.98,2011/6/30,2016/6/30,冲压
11H680004,空调4#,事务用设备,33589.72,2011/8/31,2016/8/31,冲压
16F590004,流水线（冲压-02）,辅助生产设备,23564.11,2016/9/30,2021/9/30,冲压
11F390013,125吨冲压机,机械机器设备,3906431.7,2011/10/31,2021/10/31,冲压
17F590001,引模臂,辅助生产设备,84415.39,2017/3/30,2022/3/31,冲压
11F590004,HXM-1250冲压机防音箱,辅助生产设备,115045.3,2011/8/31,2016/8/31,冲压
18B590012,VOC分析仪系统（伴热管线*25）,辅助生产设备,250000,2018/10/30,2023/10/31,冲压
11H680005,空调5#,事务用设备,17863.25,2011/8/31,2016/8/31,冲压
17F590003,油泵,辅助生产设备,85470.09,2018/1/30,2023/1/31,冲压
11F580006,电子小地磅3T,辅助生产设备,3965.81,2011/9/30,2016/9/30,冲压
13B580009,烟囱检测平台5#,辅助生产设备,13600,2013/4/30,2018/4/30,冲压
22K590005,PMG捆包装置2#,辅助生产设备,49587.15,2022/9/30,2027/9/30,冲压
14F590001,300T冲压管道更新,辅助生产设备,32478.63,2014/12/31,2019/12/31,冲压
13F390001,钨针研磨机,机械机器设备,7300,2013/5/31,2023/5/31,冲压
12F590003,防音帘,辅助生产设备,19500,2012/9/30,2017/9/30,冲压
11H680011,空调11#,事务用设备,5726.5,2011/8/31,2016/8/31,冲压
11H680032,空调32#,事务用设备,2051.28,2011/8/31,2016/8/31,冲压
22F590001,300T冲压涂油装置流量计,辅助生产设备,110500,2022/9/30,2027/9/30,冲压
21D590007,300T卷材机卷材直径检测装置,辅助生产设备,135072.19,2022/9/30,2027/9/30,冲压
22F390001,125T涂油装置,机械机器设备,143140,2022/9/30,2032/9/30,冲压
22J580014,工业风扇,辅助生产设备,28500,2022/9/30,2027/9/30,冲压
22J580015,工业风扇,辅助生产设备,28500,2022/9/30,2027/9/30,冲压
22J580016,工业风扇,辅助生产设备,28500,2022/9/30,2027/9/30,冲压
20F780001,3.5T柴油叉车,运输设备,63274.34,2020/12/31,2025/12/31,冲压
13G590001,步行式站架平衡堆高机,辅助生产设备,61111.11,2013/9/30,2018/9/30,冲压
15F590001,电动站架前移式堆高车,辅助生产设备,83910.26,2015/3/31,2020/3/31,冲压
18G590002,液压车,运输设备,36324.79,2018/5/31,2023/5/31,冲压
11E390008,成型机周边设备,机械机器设备,309230.77,2011/9/30,2021/9/30,大ODM
11E390004,检查装置,机械机器设备,302564.1,2011/7/31,2021/7/31,大ODM
12E390002,绝缘体耐压测试机,机械机器设备,346940.17,2012/1/31,2022/1/31,大ODM
11E390003,大型ODM-成型机2#,机械机器设备,685042.74,2011/6/30,2021/6/30,大ODM
11E390002,大型ODM-成型机1#,机械机器设备,710568.38,2011/6/30,2021/6/30,大ODM
11E590011,脱脂预热装置-保温台,辅助生产设备,400512.82,2011/9/30,2021/9/30,大ODM
12E590080,起重机,辅助生产设备,78632.48,2012/9/30,2022/9/30,大ODM
11E390006,成型机油压泵组,机械机器设备,475213.7,2011/7/31,2021/7/31,大ODM
09E390020,金型油温调机1#,机械机器设备,18119.66,2009/9/30,2019/9/30,大ODM
12E580041,手动吊车,辅助生产设备,58137.55,2012/6/30,2022/6/30,大ODM
18E390005,CCD高清扫描机,机械机器设备,158119.66,2018/3/30,2028/3/31,大ODM
18E390004,光纤激光打标机,机械机器设备,35042.74,2018/3/30,2028/3/31,大ODM
12E390045,中间电检机,机械机器设备,144410.26,2012/9/30,2022/9/30,大ODM
16E390015,大ODM自动溶接装置,机械机器设备,298072.51,2016/3/31,2026/3/31,大ODM
16E390022,端子热压机,机械机器设备,369527.02,2016/6/30,2026/6/30,大ODM
21J390001,手动压端子装置,机械机器设备,41681.42,2021/9/30,2031/9/30,大ODM
18E390009,卷线机,机械机器设备,1499400,2018/6/30,2028/6/30,大ODM
18E390023,CEN-0164卷线机,机械机器设备,1445200,2019/2/28,2029/2/28,大ODM
16E390019,卷线机CEN-0164,机械机器设备,1100000,2016/5/31,2026/5/31,大ODM
15E590009,大ODM卷线治具,辅助生产设备,49668.38,2015/8/31,2025/8/31,大ODM
15E390020,大型ODM用卷线装置机械设备,机械机器设备,690484.86,2015/8/31,2025/8/31,大ODM
11E390009,卷线机,机械机器设备,2750349.5,2011/9/30,2021/9/30,大ODM
16E390030,手动压入端子机,机械机器设备,36581.2,2016/9/30,2026/9/30,大ODM
12E390006,熔接装置,机械机器设备,311061.96,2012/1/31,2022/1/31,大ODM
14E580005,高速摄像机,辅助生产设备,213675.21,2014/2/28,2024/2/29,大ODM
21J390003 ,转子定子组立机,机械机器设备,884070.8,2022/4/30,2032/4/30,大ODM
12E390040,取出装置,机械机器设备,250802.7,2012/6/30,2022/6/30,大ODM
15E590004,大ODM丸接治具,辅助生产设备,20547.01,2015/6/30,2025/6/30,大ODM
12E390005,定子内径熔接装置,机械机器设备,1629374.66,2012/1/31,2022/1/31,大ODM
11E580025,变压器,辅助生产设备,102307.69,2011/11/30,2021/11/30,大ODM
11E580026,变压器,辅助生产设备,47692.31,2011/11/30,2021/11/30,大ODM
16B580018,空调,辅助生产设备,79135.34,2016/8/31,2021/8/31,大ODM
15E580011,大OMD空调,辅助生产设备,96905.98,2015/10/31,2025/10/31,大ODM
16B580017,空调,辅助生产设备,79135.34,2016/8/31,2021/8/31,大ODM
15E580014,大OMD空调,辅助生产设备,96905.99,2015/10/31,2025/10/31,大ODM
15H580002,5#工厂空调,辅助生产设备,41452.99,2015/9/30,2020/9/30,大ODM
16E580027,空调,辅助生产设备,12526.5,2016/8/31,2021/8/31,大ODM
11E580036,冷冻式干燥机,辅助生产设备,26495.73,2011/12/31,2021/12/31,大ODM
21E390003,BMC成型机2#,机械机器设备,545632.64,2021/2/28,2031/2/28,大ODM
16E390009,大ODM成型机1,机械机器设备,436679.99,2016/3/31,2026/3/31,大ODM
11E390015,成型机,机械机器设备,783534.64,2011/9/30,2021/9/30,大ODM
16E580005,冷热交换器 1（星之怡）,辅助生产设备,5854.71,2016/5/31,2021/5/31,大ODM
11E390016,成型机,机械机器设备,783534.64,2011/9/30,2021/9/30,大ODM
16E580006,冷热交换器2 (星之怡）,辅助生产设备,5854.71,2016/5/31,2021/5/31,大ODM
11E390017,成型机,机械机器设备,783534.64,2011/9/30,2021/9/30,大ODM
16E580007,冷热交换器3 (星之怡）,辅助生产设备,5854.7,2016/5/31,2021/5/31,大ODM
11E390018,成型机,机械机器设备,843791.07,2011/9/30,2021/9/30,大ODM
16E580008,冷热交换器4 (星之怡）,辅助生产设备,5854.7,2016/5/31,2021/5/31,大ODM
17E390012,大ODM去毛刺脱壳机,机械机器设备,237084.61,2017/7/30,2027/7/31,大ODM
15E590003,干燥箱,辅助生产设备,13675.21,2015/6/30,2025/6/30,大ODM
16E390006,小ODM树脂预热机1,机械机器设备,65851.2,2016/3/31,2026/3/31,大ODM
15E590015,干燥箱 大ODM,辅助生产设备,13675.21,2015/11/30,2025/11/30,大ODM
14E590013,干燥箱（定子本体预热用）,辅助生产设备,14529.91,2014/12/31,2024/12/31,大ODM
13E590027,定子本体预热烤箱,辅助生产设备,31452.99,2013/10/31,2023/10/31,大ODM
16E390023,干燥箱,机械机器设备,13675.21,2016/6/30,2026/6/30,大ODM
11E580024,冷水机,辅助生产设备,81367.52,2011/11/30,2021/11/30,大ODM
11E390029,纵型旋盘,机械机器设备,603057.4,2011/12/31,2021/12/31,大ODM
11E390024,小型数控铣床,机械机器设备,56623.94,2012/7/31,2022/7/31,大ODM
13E390010,数控钻铣床,机械机器设备,123076.92,2013/10/31,2023/10/31,大ODM
15E390017,大ODM数控钻铣床,机械机器设备,78632.5,2015/7/31,2025/7/31,大ODM
11E390021,小型数控铣床,机械机器设备,77512.81,2012/7/31,2022/7/31,大ODM
17E590006,大ODM冷却自动流水线,辅助生产设备,123931.62,2017/11/30,2027/11/30,大ODM
13E590024,通用集尘器,辅助生产设备,21367.52,2013/8/31,2023/8/31,大ODM
15E390013,集尘机大ODM,机械机器设备,31452.99,2015/6/30,2025/6/30,大ODM
15E390008,集尘机大ODM,机械机器设备,31452.99,2015/6/30,2025/6/30,大ODM
15E390014,集尘机大ODM,机械机器设备,31453,2015/6/30,2025/6/30,大ODM
12E590073,通用集尘器,辅助生产设备,21367.52,2012/11/30,2022/11/30,大ODM
11E390023,小型数控铣床,机械机器设备,56623.94,2012/7/31,2022/7/31,大ODM
15E390018,大ODM数控钻铣床,机械机器设备,78632.5,2015/7/31,2025/7/31,大ODM
13E590022,大ODM曲轴压入防呆措施,辅助生产设备,19914.53,2013/8/31,2023/8/31,大ODM
16E390021,岛津平衡测量机,机械机器设备,421880.34,2016/6/30,2026/6/30,大ODM
11E390022,小型数控铣床,机械机器设备,56623.93,2012/7/31,2022/7/31,大ODM
22J580001,电阻计,辅助生产设备,18700,2022/9/30,2027/9/30,大ODM
22J580002,便携式吸尘器,辅助生产设备,13716.81,2022/9/30,2027/9/30,大ODM
11E390026,着磁装置,机械机器设备,683821.62,2011/12/31,2021/12/31,大ODM
17B390002,激光刻印机,机械机器设备,49572.65,2017/1/30,2027/1/31,大ODM
15E390024,大ODM集尘机,机械机器设备,96923.07,2015/8/31,2025/8/31,大ODM
13E590017,轴承压入装置,辅助生产设备,343393.09,2013/8/31,2023/8/31,大ODM
12E590038,转子偏差测定治具,辅助生产设备,16239.32,2012/6/30,2022/6/30,大ODM
13E390004,切削机集尘机装置,机械机器设备,37059.82,2013/4/30,2023/4/30,大ODM
15E390007,集尘机大ODM,机械机器设备,31452.99,2015/6/30,2025/6/30,大ODM
16E390010,大ODM成型机2,机械机器设备,436679.99,2016/3/31,2026/3/31,大ODM
11E390012,成型机,机械机器设备,924293.63,2011/9/30,2021/9/30,大ODM
16E580011,冷热交换器7（星之怡）,辅助生产设备,5854.7,2016/5/31,2021/5/31,大ODM
11E390013,成型机,机械机器设备,783534.64,2011/9/30,2021/9/30,大ODM
16E580012,冷热交换器8（星之怡）,辅助生产设备,5854.7,2016/5/31,2021/5/31,大ODM
11E390014,成型机,机械机器设备,783534.64,2011/9/30,2021/9/30,大ODM
16E580013,冷热交换器9（星之怡）,辅助生产设备,5854.7,2016/5/31,2021/5/31,大ODM
16E580014,冷热交换器10（星之怡）,辅助生产设备,5854.7,2016/5/31,2021/5/31,大ODM
15E390027,大ODM转子成型机,机械机器设备,530735.31,2015/10/31,2025/10/31,大ODM
18E390021,转子去毛刺机,机械机器设备,201700,2019/1/31,2029/1/31,大ODM
22J580003,便携式吸尘器,辅助生产设备,13716.81,2022/9/30,2027/9/30,大ODM
16E390011,大ODM树脂预热机,机械机器设备,111493.79,2016/3/31,2026/3/31,大ODM
21J580001,成型机防护网,辅助生产设备,16107,2022/4/30,2027/4/30,大ODM
11E390027,纵型旋盘,机械机器设备,778256.53,2011/12/31,2021/12/31,大ODM
11E590007,定子切削治具,辅助生产设备,20726.49,2011/7/31,2021/7/31,大ODM
11E390028,纵型旋盘,机械机器设备,608057.4,2011/12/31,2021/12/31,大ODM
15E390005,大ODM数控车床,机械机器设备,690085.53,2015/6/30,2025/6/30,大ODM
15E390010,集尘机大ODM,机械机器设备,31452.99,2015/6/30,2025/6/30,大ODM
15E390011,集尘机大ODM,机械机器设备,31452.99,2015/6/30,2025/6/30,大ODM
15E390012,集尘机大ODM,机械机器设备,31452.99,2015/6/30,2025/6/30,大ODM
12E590072,手持式气动量仪,辅助生产设备,8547.01,2012/11/30,2022/11/30,大ODM
12E590027,表面粗糙度计,辅助生产设备,18605.98,2012/6/30,2022/6/30,大ODM
12E390034,定子防锈剂涂布干燥装置,机械机器设备,127777.78,2012/6/30,2022/6/30,大ODM
11E580012,变压器,辅助生产设备,60769.23,2011/9/30,2021/9/30,大ODM
12E390044,P板熔着机,机械机器设备,166666.67,2012/7/31,2022/7/31,大ODM
12E580040,烟雾净化器,辅助生产设备,2991.45,2012/6/30,2022/6/30,大ODM
12E390035,P板防湿剂涂布干燥装置,机械机器设备,97435.9,2012/6/30,2022/6/30,大ODM
11E580027,变压器,辅助生产设备,5555.56,2011/11/30,2021/11/30,大ODM
15B590009,光纤激光打标机,辅助生产设备,42735.05,2015/6/30,2025/6/30,大ODM
12E380001,精密万能表,机械机器设备,33333.33,2012/1/31,2022/1/31,大ODM
12E390033,定子检查装置,机械机器设备,303205.88,2012/6/30,2022/6/30,大ODM
12E590082,耐电压测试仪,辅助生产设备,10940.17,2012/9/30,2022/9/30,大ODM
12E390031,SR组立装置,机械机器设备,2687507,2012/6/30,2022/6/30,大ODM
13E590012,手动组立装置,辅助生产设备,29059.83,2013/4/30,2023/4/30,大ODM
12E390038,熔接装置,机械机器设备,739048.59,2012/6/30,2022/6/30,大ODM
12E590063,防音室,辅助生产设备,108119.69,2012/9/30,2022/9/30,大ODM
12E590054,快速表,辅助生产设备,4384.62,2012/9/30,2022/9/30,大ODM
13E590006,噪音震动判别系统,辅助生产设备,341880.34,2013/1/31,2023/1/31,大ODM
16B580025,空调,辅助生产设备,12526.5,2016/8/31,2021/8/31,大ODM
13B580005,烟囱检测平台1#,辅助生产设备,13600,2013/4/30,2018/4/30,大ODM
21J590015,流量监控装置,辅助生产设备,68659,2022/6/30,2027/6/30,大ODM
21J580003,成型机防护网,辅助生产设备,16107,2022/6/30,2027/6/30,大ODM
15E580008,配电箱（大ODM）,辅助生产设备,54277.78,2015/8/31,2025/8/31,大ODM
16B580038,空调3,辅助生产设备,130994.6,2016/11/30,2021/11/30,大ODM
12E580045,空调-2,辅助生产设备,141963.25,2012/6/30,2017/6/30,大ODM
12E580024,空调-1,辅助生产设备,141963.26,2012/6/30,2017/6/30,大ODM
11E580022,动力柜,辅助生产设备,18632.48,2011/11/30,2021/11/30,大ODM
11E580021,动力柜,辅助生产设备,16709.4,2011/11/30,2021/11/30,大ODM
11E580020,动力柜,辅助生产设备,19188.03,2011/11/30,2021/11/30,大ODM
11E580019,动力柜,辅助生产设备,19188.03,2011/11/30,2021/11/30,大ODM
11E580018,动力柜,辅助生产设备,14435.9,2011/11/30,2021/11/30,大ODM
11E580017,动力柜,辅助生产设备,14102.56,2011/11/30,2021/11/30,大ODM
11E580016,动力柜,辅助生产设备,18196.58,2011/11/30,2021/11/30,大ODM
11E580015,动力柜,辅助生产设备,55811.97,2011/11/30,2021/11/30,大ODM
12E580033,深度尺,辅助生产设备,29949.41,2012/12/31,2022/12/31,大ODM
15E590002,研磨机,辅助生产设备,5213.68,2015/6/30,2025/6/30,大ODM
13E590009,PM10激光可吸入粉尘连续测试仪,辅助生产设备,8769.23,2013/2/28,2023/2/28,大ODM
15E390006,集尘机大ODM,机械机器设备,31452.99,2015/6/30,2025/6/30,大ODM
12E580076,挂壁空调,辅助生产设备,2457,2012/9/30,2022/9/30,大ODM
21J390018,手动压端子工具,辅助生产设备,40250,2022/7/30,2027/7/30,大ODM
21J390021,SR组装线用螺丝拧紧机,机械机器设备,181415.93,2022/7/30,2032/7/30,大ODM
21J390015,曲轴压入自动机,机械机器设备,518000,2022/7/30,2032/7/30,大ODM
15E390022,大型ODM数控钻铣床,机械机器设备,157265,2015/9/30,2025/9/30,大ODM
16E580015,冷热交换器11（星之怡）,辅助生产设备,5854.7,2016/5/31,2021/5/31,大ODM
16E580016,冷热交换器12（星之怡）,辅助生产设备,5854.7,2016/5/31,2021/5/31,大ODM
16E580019,冷热交换器15（星之怡）,辅助生产设备,5854.7,2016/5/31,2021/5/31,大ODM
16E580023,冷热交换器19（星之怡）,辅助生产设备,5854.7,2016/5/31,2021/5/31,大ODM
18B590015,VOC分析仪系统,辅助生产设备,301724.14,2019/3/30,2024/3/31,大ODM
21J390014,激光刻印机,机械机器设备,348451.33,2021/12/31,2031/12/31,大ODM
21J390013,图像识别传感器*激光刻印机项目,机械机器设备,25238.94,2021/11/30,2031/11/30,大ODM
21J390012,激光刻印机项目条形码读码器,机械机器设备,28938.05,2021/11/30,2031/11/30,大ODM
16I390031,成型机8,机械机器设备,514298.25,2016/10/30,2026/10/31,大ODM
21J390008,手动切端子工具,辅助生产设备,40250,2022/1/31,2027/1/31,大ODM
21J390009,定子打磨机,机械机器设备,372831.86,2022/2/28,2032/2/28,大ODM
21J390010,转子打磨机,机械机器设备,372831.83,2022/2/28,2032/2/28,大ODM
21E580001,大ODM铭牌机（含系统）1#,辅助生产设备,90000,2022/2/28,2027/2/28,大ODM
21E580002,大ODM铭牌机（含系统）2#,辅助生产设备,90000,2022/2/28,2027/2/28,大ODM
21J390004,水冷式径向内充多级线圈（内含测试线圈）,机械机器设备,21681.42,2021/9/30,2031/9/30,大ODM
21J390002,岛津平衡机,机械机器设备,780309.73,2022/3/31,2032/3/31,大ODM
21J590010,送风定温恒温箱,辅助生产设备,27903.98,2022/3/31,2027/3/31,大ODM
21J390016,集尘机,辅助生产设备,37014.54,2022/3/31,2027/3/31,大ODM
21J390017,集尘机,辅助生产设备,37014.54,2022/3/31,2027/3/31,大ODM
21J590006,水用模温机（A2110436),辅助生产设备,15894,2022/3/31,2027/3/31,大ODM
21J590005,水用模温机（A2110437),辅助生产设备,15894,2022/3/31,2027/3/31,大ODM
21J590007,水用模温机（A2110438),辅助生产设备,15894,2022/3/31,2027/3/31,大ODM
21J590008,大ODM无切削成型用天桥及踏台,辅助生产设备,43747.2,2022/3/31,2027/3/31,大ODM
21J590004,风冷式冷水机（A2130071),辅助生产设备,41239,2022/3/31,2027/3/31,大ODM
21J590011,大ODM无切削成型用行车,辅助生产设备,131928.32,2022/3/31,2027/3/31,大ODM
22J580007,空调,辅助生产设备,187680.13,2022/9/30,2027/9/30,大ODM
21J390011,大型ODM无切削机种用成型机,机械机器设备,911504.43,2022/4/30,2032/4/30,大ODM
16I390017,树脂预热机2,机械机器设备,60105.6,2016/10/30,2026/10/31,大ODM
22J580004,便携式吸尘器,辅助生产设备,13716.81,2022/9/30,2027/9/30,大ODM
21J590018,送风定温恒温箱,辅助生产设备,27903.98,2022/6/30,2027/6/30,大ODM
21J390019,定子刻印冷却一体机,机械机器设备,1489416,2022/8/31,2032/8/31,大ODM
21J390005,激光刻印机1#,机械机器设备,335176.99,2021/9/30,2031/9/30,大ODM
21J390006,激光刻印机2#,机械机器设备,328539.82,2021/9/30,2031/9/30,大ODM
09E580011,大金空调,辅助生产设备,3050,2009/10/31,2014/10/31,大ODM
05B380007,有害气体处理机,机械机器设备,4370939.69,2005/5/31,2015/5/31,脱臭室
05B580041,脱臭装置,辅助生产设备,707549.09,2005/9/30,2010/9/30,脱臭室
11F580007,废弃喷淋装置,辅助生产设备,598723.66,2011/12/31,2016/12/31,5号工厂冲压
13D590003,浸漆房废气处理装置,辅助生产设备,6701709.39,2013/1/31,2018/1/31,浸漆房
17E390001,触媒燃烧装置,机械机器设备,1900000,2017/1/30,2027/1/31,大型ODM
17E390002,固定浓缩式触媒氧化分解装置,机械机器设备,2300000,2017/1/30,2027/1/31,大型ODM
19E390007,废气处理设备（12#）双色PMG,机械机器设备,366979,2020/3/30,2030/3/31,PMG
20E390021,浓缩燃烧处理装置（STEP1),机械机器设备,1378320.7,2021/10/31,2031/10/31,3号工厂
20E390022,浓缩燃烧处理装置（STEP2),机械机器设备,6028046,2021/10/31,2031/10/31,3号工厂
20E390020,活性炭式排气处理装置,机械机器设备,350464.78,2020/9/30,2030/9/30,3号工厂
06B390006,热风循环式干燥机,机械机器设备,1281924.24,2006/12/31,2016/12/31,浸漆房
13B590012,行车（980KG防爆环链葫芦）,辅助生产设备,39316.24,2013/5/31,2018/5/31,浸漆房
13B580001,980KG防爆环链葫芦,辅助生产设备,39316.24,2013/3/31,2018/3/31,浸漆房
13C580002,浸漆房环境改善行车设备,辅助生产设备,64776.92,2013/7/31,2018/7/31,浸漆房
05C390021,热风干燥机,机械机器设备,2376703.25,2005/2/28,2015/2/28,浸漆房
13B590013,行车（980KG防爆环链葫芦）,辅助生产设备,39316.24,2013/5/31,2018/5/31,浸漆房
13B580002,980KG防爆环链葫芦,辅助生产设备,39316.24,2013/3/31,2018/3/31,浸漆房
05D390003,热风干循环式干燥机,机械机器设备,2298248.16,2005/2/28,2015/2/28,浸漆房
13B590014,行车（980KG防爆环链葫芦）,辅助生产设备,39316.24,2013/5/31,2018/5/31,浸漆房
13B580003,980KG防爆环链葫芦,辅助生产设备,39316.24,2013/3/31,2018/3/31,浸漆房
05B380011,热风循环干燥机,机械机器设备,1878743.44,2005/12/31,2015/12/31,浸漆房
13B590015,行车（980KG防爆环链葫芦）,辅助生产设备,39316.24,2013/5/31,2018/5/31,浸漆房
13B580004,980KG防爆环链葫芦,辅助生产设备,39316.24,2013/3/31,2018/3/31,浸漆房
18D580001,新风系统,辅助生产设备,183116.38,2018/10/30,2023/10/31,浸漆房
05D390030,干燥机,机械机器设备,717836.98,2005/11/30,2015/11/30,浸漆房
05D390017,干燥烘箱,机械机器设备,899349.38,2005/5/31,2015/5/31,浸漆房
11D590039,浸漆槽,辅助生产设备,21794.87,2011/11/30,2016/11/30,浸漆房
17C590001,无溶剂气动搅拌机,辅助生产设备,13333.33,2017/11/30,2022/11/30,浸漆房
16B580019,空调,辅助生产设备,79135.34,2016/8/31,2021/8/31,浸漆房
16B590001,气动隔膜泵4台,辅助生产设备,29401.71,2016/1/31,2021/1/31,浸漆房
16B580011,浸漆房 调漆室地沟,辅助生产设备,27669.9,2016/5/31,2021/5/31,浸漆房
17C390001,无溶剂甩漆设备,机械机器设备,213675.21,2017/7/30,2027/7/31,浸漆房
12D390001,铁芯浸除漆装置,机械机器设备,1312007.29,2012/8/31,2022/8/31,浸漆房
20C390001,浸漆设备,机械机器设备,66371.68,2020/7/31,2030/7/31,浸漆房
05B390003,涂漆机,机械机器设备,397639.17,2005/2/28,2015/2/28,浸漆房
11B590011,气动隔膜泵-2,辅助生产设备,6752.14,2011/8/31,2016/8/31,浸漆房
05B390002,涂漆机,机械机器设备,409077.07,2005/2/28,2015/2/28,浸漆房
11B590010,气动隔膜泵-1,辅助生产设备,6752.14,2011/8/31,2016/8/31,浸漆房
12D390012,浸漆离心除漆装置,机械机器设备,2566005.38,2012/9/30,2022/9/30,浸漆房
10C390001,自动浸漆搬运装置,机械机器设备,425641.05,2010/7/31,2020/7/31,浸漆房
13B580017,空调,辅助生产设备,170940.17,2013/6/30,2018/6/30,浸漆房
05C580060,分电柜,辅助生产设备,37571.43,2005/3/31,2010/3/31,浸漆房
05C580061,分电柜,辅助生产设备,37571.43,2005/3/31,2010/3/31,浸漆房
07B590005,浸漆槽架,辅助生产设备,8400,2007/2/28,2012/2/29,浸漆房
14C590013,空调（浸漆房）,辅助生产设备,164957.26,2014/8/31,2019/8/31,浸漆房
04B790003,台车,运输设备,46726,2021/12/31,2026/12/31,浸漆房
05C790001,台车5台,运输设备,19000,2005/11/30,2010/11/30,浸漆房
05B790005,台车,运输设备,19900,2005/6/30,2010/6/30,浸漆房
05D790001,台车,运输设备,17000,2005/11/30,2010/11/30,浸漆房
06B790001,台车,运输设备,19500,2006/6/30,2011/6/30,浸漆房
07D790001,干燥用台车,运输设备,19500,2007/6/30,2012/6/30,浸漆房
17B580017,铁芯辊排,辅助生产设备,126584.62,2017/6/30,2022/6/30,卷线房外侧
17B580021,堆高货架,辅助生产设备,23213.67,2017/8/30,2022/8/31,卷线房外侧
16B580039,堆高货架,辅助生产设备,57991.45,2016/12/30,2021/12/31,卷线房外侧
06B590006,工具台车,辅助生产设备,2600,2006/3/31,2011/3/31,卷线房外侧
06B580005,小锯霸,辅助生产设备,6700,2006/2/28,2011/2/28,卷线房外侧
16B580040,铜线行吊,辅助生产设备,59692.31,2016/12/30,2021/12/31,卷线房外侧
16B580037,铜线辊排17条,辅助生产设备,125580.6,2016/10/30,2021/10/31,卷线房外侧
16B580035,铜线辊排3条,辅助生产设备,22161.28,2016/10/30,2021/10/31,卷线房外侧
16B580036,铜线辊排20条,辅助生产设备,147741.88,2016/10/30,2021/10/31,卷线房外侧
17B580025,铁芯辊排,辅助生产设备,126584.62,2018/1/30,2023/1/31,卷线房外侧
17B580022,铁芯辊排,辅助生产设备,126584.62,2017/11/30,2022/11/30,卷线房外侧
18B580010,充电器1台,辅助生产设备,10940.17,2018/6/30,2023/6/30,卷线房外侧
12E580008,配电箱及抽屉式断路器,辅助生产设备,73620.51,2013/1/31,2018/1/31,5号工厂配电房
05B580017,压缩机,辅助生产设备,140178.56,2005/8/31,2010/8/31,2号工厂空压机房
07B380001,空气压缩机,机械机器设备,177800,2007/6/30,2017/6/30,2号工厂空压机房
11B380001,苏神空压机,机械机器设备,321025.64,2011/5/31,2021/5/31,2号工厂空压机房
18D590005,干燥机,辅助生产设备,25862.07,2018/12/30,2023/12/31,2号工厂空压机房
16B380001,冷冻式干燥机,机械机器设备,22184.62,2016/1/31,2026/1/31,2号工厂空压机房
05B580019,储气罐,辅助生产设备,9266.66,2005/8/31,2010/8/31,2号工厂空压机房
18B380001,空压机,机械机器设备,228636.42,2018/12/30,2028/12/31,5号工厂空压机房
11H680003,空调3#,事务用设备,33589.72,2011/8/31,2016/8/31,5号工厂空压机房
11H580011,动力配电箱11#,辅助生产设备,16071.52,2011/6/30,2016/6/30,5号工厂空压机房
15H380001,5#工厂冷干机,机械机器设备,86393.16,2015/10/31,2025/10/31,5号工厂空压机房
13B580010,风管1#,辅助生产设备,20000,2013/4/30,2018/4/30,5号工厂楼顶
13B580011,风管2#,辅助生产设备,20000,2013/4/30,2018/4/30,5号工厂楼顶
20B590001,环保设备架台,辅助生产设备,2535000,2021/5/31,2026/5/31,3和5工厂中间通道
21E390001,3工厂室外新增环保设备烟囱及架台,辅助生产设备,720000,2021/5/31,2026/5/31,3和5工厂中间通道
18I390020,铝线半田量产机,机械机器设备,2055561.5,2019/3/30,2029/3/31,室外ODM
19I390003,铝线干燥装置,机械机器设备,1101938.86,2019/6/30,2029/6/30,室外ODM
19I390007,搬送部,机械机器设备,980000,2019/6/30,2029/6/30,室外ODM
19I390004,结线机,机械机器设备,704250,2019/6/30,2029/6/30,室外ODM
19I390005,结线机,机械机器设备,704250,2019/6/30,2029/6/30,室外ODM
19I390006,半田机,机械机器设备,538800,2019/6/30,2029/6/30,室外ODM
19I390021,烟雾过滤器2#,辅助生产设备,36000,2019/12/28,2024/12/31,室外ODM
20I390016,烟雾过滤器7#,机械机器设备,36000,2021/1/30,2031/1/30,室外ODM
19B580014,空调（7#空调机NO.F000516),辅助生产设备,44347.79,2020/1/28,2025/1/31,室外ODM
19B580021,空调（14#空调机NO.F000511),辅助生产设备,44347.78,2020/1/28,2025/1/31,室外ODM
18I390011,室外卷线自动化排出装置,机械机器设备,330000,2019/3/30,2029/3/31,室外ODM
18I390023,卷线机（机械NO.3418033-2),机械机器设备,918700,2019/3/30,2029/3/31,室外ODM
18I390022,卷线机（机械NO.3418033-1）,机械机器设备,918700,2019/3/30,2029/3/31,室外ODM
18I390024,搬送部,机械机器设备,1675800,2019/3/30,2029/3/31,室外ODM
18I390021,端子插入机PIS-01D,机械机器设备,326500,2019/3/30,2029/3/31,室外ODM
17E390006,自动组立机,机械机器设备,500000,2017/3/30,2027/3/31,室外ODM
16E390018,卷线机3,机械机器设备,331849.98,2016/3/31,2026/3/31,室外ODM
16E390017,卷线机2,机械机器设备,346985.9,2016/3/31,2026/3/31,室外ODM
16E390016,卷线机1,机械机器设备,346985.9,2016/3/31,2026/3/31,室外ODM
17E390008,卷线机自动线,机械机器设备,2000000,2017/3/30,2027/3/31,室外ODM
17E390009,端子插入机1台,机械机器设备,353100,2017/3/30,2027/3/31,室外ODM
16I390036,手动铁芯压入装置,机械机器设备,26495.73,2016/12/30,2026/12/31,室外ODM
17E390007,绕线机自动线,机械机器设备,484000,2017/3/30,2027/3/31,室外ODM
16I390032,绕线装置1,机械机器设备,1001600,2016/10/30,2026/10/31,室外ODM
16I390033,绕线装置2,机械机器设备,1001600,2016/10/30,2026/10/31,室外ODM
16I390034,焊锡机,机械机器设备,571000,2016/10/30,2026/10/31,室外ODM
16E390004,小ODM 中间电检设备,机械机器设备,222222.25,2016/4/30,2026/4/30,室外ODM
20I390015,SRC组立自动线,机械机器设备,3233000,2021/10/31,2031/10/31,室外ODM
19I390009,注塑机2#,机械机器设备,752950.44,2019/11/29,2029/11/30,室外ODM
20E390008,水用模温机,机械机器设备,14159.29,2020/5/31,2030/5/31,室外ODM
20E390005,水用模温机,机械机器设备,14159.29,2020/5/31,2030/5/31,室外ODM
20E390006,水用模温机,机械机器设备,14159.29,2020/5/31,2030/5/31,室外ODM
19I590009,冷水机3,辅助生产设备,43017.24,2019/4/30,2024/4/30,室外ODM
19I390010,注塑机3#,机械机器设备,752950.44,2019/11/29,2029/11/30,室外ODM
20E390007,水用模温机,机械机器设备,14159.29,2020/5/31,2030/5/31,室外ODM
17E590013,模温机（水用）TW17112379BA,辅助生产设备,16239.32,2018/1/30,2028/1/31,室外ODM
20E390001,水用模温机,机械机器设备,14159.29,2020/5/31,2030/5/31,室外ODM
20E390010,风冷式冷水机,机械机器设备,38938.05,2020/5/31,2030/5/31,室外ODM
20E390018,注塑机(Z),机械机器设备,750000,2020/6/30,2030/6/30,室外ODM
21I390026,机器人,机械机器设备,76106.19,2021/11/30,2031/11/30,室外ODM
20E390003,水用模温机,机械机器设备,14159.29,2020/5/31,2030/5/31,室外ODM
20E390004,水用模温机,机械机器设备,14159.29,2020/5/31,2030/5/31,室外ODM
21I590006,风冷式冷水机（A2130074),辅助生产设备,41239,2022/3/31,2027/3/31,室外ODM
20I390007,天桥1,机械机器设备,58221.24,2020/8/31,2030/8/31,室外ODM
20I390008,天桥2,机械机器设备,23287.61,2020/8/31,2030/8/31,室外ODM
20I390006,单梁起重机,机械机器设备,130530.97,2020/7/31,2030/7/31,室外ODM
19E390002,定子冷却线,机械机器设备,42920.35,2020/1/28,2030/1/31,室外ODM
15E390009,集尘机大ODM,机械机器设备,31452.99,2015/6/30,2025/6/30,室外ODM
19I390015,室外ODM定子检查设备,辅助生产设备,1270000,2019/9/30,2024/9/30,室外ODM
20I390001,转子轴承压入机,机械机器设备,292931.03,2020/5/31,2030/5/31,室外ODM
20I390002,转子插入机,机械机器设备,142284.49,2020/5/31,2030/5/31,室外ODM
20I390003,定子轴承压入机,机械机器设备,284568.97,2020/5/31,2030/5/31,室外ODM
20I390004,盖子压入机,机械机器设备,142284.49,2020/5/31,2030/5/31,室外ODM
18I390009,室外ODDM诱起耐压异音一体化,机械机器设备,1068534.46,2019/3/30,2029/3/31,室外ODM
15E390023,大型ODM集尘机,机械机器设备,95726.5,2015/8/31,2025/8/31,室外ODM
15E390001,电热鼓风干燥箱,机械机器设备,24786.32,2015/5/31,2025/5/31,室外ODM
21I390001,室外ODM捆包扫码设备1#,机械机器设备,60275,2021/3/30,2031/3/30,室外ODM
19I390014,室外ODM定子检查设备,辅助生产设备,1270000,2019/9/30,2024/9/30,室外ODM
19I390016,转子轴承压入机,机械机器设备,292936.06,2019/9/30,2029/9/30,室外ODM
19I390017,转子插入机,机械机器设备,142283.22,2019/9/30,2029/9/30,室外ODM
19I390018,定子轴承压入机,机械机器设备,284566.46,2019/9/30,2029/9/30,室外ODM
19I390019,盖子压入机,机械机器设备,142283.22,2019/9/30,2029/9/30,室外ODM
19I390013,室外ODM最终电检机,机械机器设备,1205603.44,2019/8/30,2029/8/31,室外ODM
21I390002,室外ODM捆包扫码设备2#,机械机器设备,60275,2021/3/30,2031/3/30,室外ODM
20I390005,室外ODM铝线焊锡机,机械机器设备,2085570,2020/6/30,2030/6/30,室外ODM
19I390034,结线焊锡流水线3#,机械机器设备,3971600,2020/3/30,2030/3/31,室外ODM
18I390008,室外ODDM中间电检机,机械机器设备,214224.14,2019/3/30,2029/3/31,室外ODM
19I390024,烟雾过滤器5,辅助生产设备,36000,2019/12/28,2024/12/31,室外ODM
21E390002,BMC成型机1#,机械机器设备,501108.64,2021/2/28,2031/2/28,室外ODM
21E390004,BMC成型机3#,机械机器设备,501108.64,2021/2/28,2031/2/28,室外ODM
16I390030,成型机7,机械机器设备,420274.25,2016/10/30,2026/10/31,室外ODM
19I390026,BMC成型机（17#机械140：1910281）,机械机器设备,513105.45,2020/1/28,2030/1/31,室外ODM
20I390022,BMC预热机3#,机械机器设备,58867.2,2021/1/30,2031/1/30,室外ODM
19I390029,树脂预热机（2#机械NO.10195),机械机器设备,69601.3,2020/1/28,2030/1/31,室外ODM
19I390028,树脂预热机（1#机械NO.10194),机械机器设备,69601.3,2020/1/28,2030/1/31,室外ODM
21E390005,BMC成型机4#,机械机器设备,501108.63,2021/2/28,2031/2/28,室外ODM
16I390026,成型机3,机械机器设备,423347.11,2016/10/30,2026/10/31,室外ODM
17I390002,成型机10,机械机器设备,449503.45,2017/1/30,2027/1/31,室外ODM
19I390027,BMC成型机（18#机械140：1910280）,机械机器设备,513105.45,2020/1/28,2030/1/31,室外ODM
18I390005,成型机（机械NO.1810346),机械机器设备,496059.03,2019/1/31,2029/1/31,室外ODM
19B580020,空调（13#空调机NO.F000515),辅助生产设备,44347.78,2020/1/28,2025/1/31,室外ODM
19I390035,绕线自动化流水线3#,机械机器设备,4333200,2020/3/30,2030/3/31,室外ODM
21I390003,定子轴承压入设备,机械机器设备,647250,2021/11/30,2031/11/30,室外ODM
21I390006,室外ODM 转子平衡测量机,机械机器设备,525300,2021/10/31,2031/10/31,室外ODM
21I390011,输送线,机械机器设备,25260,2021/10/31,2031/10/31,室外ODM
21B590002,部品放置堆高架,辅助生产设备,137000,2021/10/31,2026/10/31,仓库材料区
21I590005,URUSARA/Z装箱追溯系统,辅助生产设备,79999.5,2022/2/28,2027/2/28,室外ODM
08E390018,线圈检查装置(ODM),机械机器设备,292466.83,2008/8/31,2018/8/31,室外ODM
19I390033,铁芯压入机,机械机器设备,35398.23,2020/3/30,2030/3/31,室外ODM
20E390002,水用模温机,机械机器设备,14159.29,2020/5/31,2030/5/31,室外ODM
18I390004,成型机（机械NO.1810343),机械机器设备,470023.03,2019/1/31,2029/1/31,室外ODM
16I390028,成型机5,机械机器设备,394238.25,2016/10/30,2026/10/31,室外ODM
16I390029,成型机6,机械机器设备,394238.25,2016/10/30,2026/10/31,室外ODM
16I390024,成型机1,机械机器设备,391636.68,2016/10/30,2026/10/31,室外ODM
16I390025,成型机2,机械机器设备,397311.11,2016/10/30,2026/10/31,室外ODM
17I390001,成型机9,机械机器设备,423467.45,2017/1/30,2027/1/31,室外ODM
18E390022,成型机（机械NO.1810347),机械机器设备,470023.04,2019/1/31,2029/1/31,室外ODM
16I390018,树脂预热机3,机械机器设备,60105.6,2016/10/30,2026/10/31,室外ODM
20I390021,BMC预热机4#,机械机器设备,58867.2,2021/1/30,2031/1/30,室外ODM
21I390017,烟雾净化器装置7#,机械机器设备,20433,2021/11/30,2031/11/30,室外ODM
19I390030,平衡测量机,机械机器设备,464972.57,2020/1/28,2030/1/31,室外ODM
21I390033,输送线装置,机械机器设备,126598.5,2022/7/30,2032/7/30,室外ODM
21I390034,输送线装置,机械机器设备,126598.5,2022/7/30,2032/7/30,室外ODM
21I390035,输送线装置,机械机器设备,126598.5,2022/7/30,2032/7/30,室外ODM
18E390017,安全激光扫描仪（机械NO.#5B811432),机械机器设备,21637.94,2018/12/30,2028/12/31,室外ODM
16I390007,转子插入机,机械机器设备,193557.4,2016/10/30,2026/10/31,室外ODM
21I390016,烟雾净化器装置6#,机械机器设备,20433,2021/11/30,2031/11/30,室外ODM
16I390011,盖子压入机,机械机器设备,162742.4,2016/10/30,2026/10/31,室外ODM
19I390032,着脱磁装置（机械NO.MAZT-053T0035),机械机器设备,348407.08,2020/1/28,2030/1/31,室外ODM
16I390006,手动压入装置,机械机器设备,152793.29,2016/10/30,2026/10/31,室外ODM
17E590003,ODM无负荷回转音试验装置,辅助生产设备,382927.35,2017/3/30,2022/3/31,室外ODM
16I390004,回转特性试验机,机械机器设备,1350131.89,2016/10/30,2026/10/31,室外ODM
20I580002,室外ODM激光刻印及捆包一体化,辅助生产设备,779800,2020/11/30,2025/11/30,室外ODM
19B580018,空调（11#空调机NO.F000509),辅助生产设备,44347.78,2020/1/28,2025/1/31,室外ODM
19B580019,空调（12#空调机NO.F000510),辅助生产设备,44347.78,2020/1/28,2025/1/31,室外ODM
19B580017,空调（10#空调机NO.F000512),辅助生产设备,44347.79,2020/1/28,2025/1/31,室外ODM
19B580015,空调（8#空调机NO.F000506),辅助生产设备,44347.79,2020/1/28,2025/1/31,室外ODM
19B580016,空调（9#空调机NO.F000513),辅助生产设备,44347.79,2020/1/28,2025/1/31,室外ODM
20I390012,流量监控装置器1#,机械机器设备,56000,2020/12/31,2030/12/31,室外ODM
20I390019,流量监控装置器2#,机械机器设备,56000,2020/12/31,2030/12/31,室外ODM
20I390020,流量监控装置器3#,机械机器设备,56000,2020/12/31,2030/12/31,室外ODM
20I390009,踏台,机械机器设备,29110.62,2020/8/31,2030/8/31,室外ODM
20I390011,PPC-60泛用除尘器（PL630009-机械NO.),机械机器设备,32257,2020/12/31,2030/12/31,室外ODM
20I390014,铝线送线装置1#,机械机器设备,37150,2021/3/30,2031/3/30,室外ODM
20I390017,PPC-60泛用除尘器（PL630006-机械NO.),机械机器设备,32257,2020/12/31,2030/12/31,室外ODM
21I390005,铝线送线装置2#,机械机器设备,104495.13,2021/3/30,2031/3/30,室外ODM
21I390014,室外ODM成型BMC树脂升降装置1#,机械机器设备,38850,2021/9/30,2031/9/30,室外ODM
21I390015,机器人,机械机器设备,108318.58,2021/9/30,2031/9/30,室外ODM
21I390021,室外ODM成型BMC树脂升降装置2#,机械机器设备,36180,2021/9/30,2031/9/30,室外ODM
21I390012,输送线装置,机械机器设备,126600,2021/10/31,2031/10/31,室外ODM
21I390031,输送线装置,机械机器设备,126598.5,2022/7/30,2032/7/30,室外ODM
19I390031,焊锡工作平台,机械机器设备,261000,2020/1/28,2030/1/31,室外ODM
19I390020,烟雾过滤器,辅助生产设备,36000,2019/12/28,2024/12/31,室外ODM
16I390027,成型机4,机械机器设备,394238.25,2016/10/30,2026/10/31,室外ODM
16I390012,盖子压入治具,机械机器设备,35874.66,2016/10/30,2026/10/31,室外ODM
21I390013,铝线干燥装置,机械机器设备,1125770.62,2021/11/30,2031/11/30,室外ODM
16I390008,转子插入治具,机械机器设备,48884.8,2016/10/30,2026/10/31,室外ODM
21I390019,卷线自动化设备,机械机器设备,5960000,2022/3/31,2032/3/31,室外ODM
21I390007,3号工厂室外ODM行车（室外ODM用）,机械机器设备,198600,2021/10/31,2031/10/31,室外ODM
21I390008,3号工厂室外ODM行车（URUSARA用）,机械机器设备,211300,2021/10/31,2031/10/31,室外ODM
21I390004,转子轴承压入设备,机械机器设备,639620,2021/11/30,2031/11/30,室外ODM
21I590001,URUSARA Z计划定子检查一体化,辅助生产设备,1239377,2021/12/31,2026/12/31,室外ODM
21I390030,烟雾净化器装置9#,机械机器设备,21183,2022/3/31,2032/3/31,室外ODM
21I590008,风冷式冷水机（A2130072),辅助生产设备,41239,2022/3/31,2027/3/31,室外ODM
21I590011,水用模温机（A2110439),辅助生产设备,15894,2022/3/31,2027/3/31,室外ODM
21I590009,水用模温机（A2110441),辅助生产设备,15894,2022/3/31,2027/3/31,室外ODM
21I590010,水用模温机（A2110440),辅助生产设备,15894,2022/3/31,2027/3/31,室外ODM
21I390018,室外ODM盖子成型自动化,机械机器设备,592410,2022/3/31,2032/3/31,室外ODM
21I390032,输送线装置,机械机器设备,126598.5,2022/7/30,2032/7/30,室外ODM
21I590013,水用模温机（A2110447),辅助生产设备,15894,2022/3/31,2027/3/31,室外ODM
21I590012,水用模温机（A2110446),辅助生产设备,15894,2022/3/31,2027/3/31,室外ODM
21I590014,水用模温机（A2110445),辅助生产设备,15894,2022/3/31,2027/3/31,室外ODM
21I590007,风冷式冷水机（A2130073),辅助生产设备,41239,2022/3/31,2027/3/31,室外ODM
21I590015,水用模温机（A2110444),辅助生产设备,15894,2022/3/31,2027/3/31,室外ODM
21I590016,水用模温机（A2110443),辅助生产设备,15894,2022/3/31,2027/3/31,室外ODM
21I590018,水用模温机（A2110442),辅助生产设备,15894,2022/3/31,2027/3/31,室外ODM
21I390036,输送线,机械机器设备,28043,2022/5/31,2032/5/31,室外ODM
21J590001,脉冲线圈测试仪,辅助生产设备,95663.72,2022/5/31,2027/5/31,室外ODM
21I390020,结线焊锡自动化设备,机械机器设备,4172556.94,2022/5/31,2032/5/31,室外ODM
21E790001,ODM用捆包台车,辅助生产设备,19860,2022/3/31,2027/3/31,室外ODM
21E790002,ODM用捆包台车,辅助生产设备,19860,2022/3/31,2027/3/31,室外ODM
21E790003,ODM用捆包台车,辅助生产设备,19860,2022/3/31,2027/3/31,室外ODM
21E790004,ODM用捆包台车,辅助生产设备,19860,2022/3/31,2027/3/31,室外ODM
21I580004,成型机防护网,辅助生产设备,16107,2022/6/30,2027/6/30,室外ODM
21I580005,成型机防护网,辅助生产设备,16107,2022/6/30,2027/6/30,室外ODM
21I580006,成型机防护网,辅助生产设备,16107,2022/6/30,2027/6/30,室外ODM
21I390009,铁芯压入机,机械机器设备,35398.23,2021/9/30,2031/9/30,室外ODM
21I580007,室外ODM成型用天桥及塌台,辅助生产设备,146975.51,2022/7/30,2027/7/30,室外ODM
21I580003,室外ODM成型用行车,辅助生产设备,171652.22,2022/7/30,2027/7/30,室外ODM
21I390023,室外ODM增产用成型机,机械机器设备,911504.43,2022/7/30,2032/7/30,室外ODM
21I390024,室外ODM增产用成型机,机械机器设备,911504.43,2022/7/30,2032/7/30,室外ODM
21I390025,室外ODM增产用成型机,机械机器设备,911504.43,2022/7/30,2032/7/30,室外ODM
21I590023,流量监控装置,辅助生产设备,68659,2022/8/31,2027/8/31,室外ODM
21I590024,流量监控装置,辅助生产设备,68659,2022/8/31,2027/8/31,室外ODM
21I590025,流量监控装置,辅助生产设备,68659,2022/8/31,2027/8/31,室外ODM
21I590020,室外ODM定子检查一体化,机械机器设备,1500000,2022/8/31,2032/8/31,室外ODM
16B590004,AGV小车,辅助生产设备,28205.13,2016/2/29,2021/2/28,室外ODM
22B580006,三联树脂放置柜,辅助生产设备,48627,2022/8/31,2027/8/31,3#工厂
22B580007,三联树脂放置柜,辅助生产设备,48627,2022/8/31,2027/8/31,3#工厂
22B580022,二联树脂放置柜,辅助生产设备,44927,2022/8/31,2027/8/31,3#工厂
22B580023,二联树脂放置柜,辅助生产设备,44927,2022/8/31,2027/8/31,3#工厂
22B580024,二联树脂放置柜,辅助生产设备,44927,2022/8/31,2027/8/31,3#工厂
22B580009,三联树脂放置柜,辅助生产设备,48627,2022/8/31,2027/8/31,3#工厂
22B580012,三联树脂放置柜,辅助生产设备,48627,2022/8/31,2027/8/31,3#工厂
22B580013,三联树脂放置柜,辅助生产设备,48627,2022/8/31,2027/8/31,3#工厂
22B580018,三联树脂放置柜,辅助生产设备,48627,2022/8/31,2027/8/31,3#工厂
22B580017,三联树脂放置柜,辅助生产设备,48627,2022/8/31,2027/8/31,3#工厂
22B580016,三联树脂放置柜,辅助生产设备,48627,2022/8/31,2027/8/31,3#工厂
22B580015,三联树脂放置柜,辅助生产设备,48627,2022/8/31,2027/8/31,3#工厂
22B580014,三联树脂放置柜,辅助生产设备,48627,2022/8/31,2027/8/31,3#工厂
16E390024,简易端子插入机,机械机器设备,323050.43,2016/8/31,2026/8/31,小ODM
19E390004,室内ODM手动式端子插入机,机械机器设备,346000,2020/2/28,2030/2/28,小ODM
08E390034,小型ODM卷线机#3,机械机器设备,500380.14,2008/9/30,2018/9/30,小ODM
19I590003,模温机3,辅助生产设备,14706.9,2019/4/30,2024/4/30,小ODM
19I590008,冷水机2,辅助生产设备,43017.24,2019/4/30,2024/4/30,小ODM
21I390027,室外ODM成型BMC树脂升降装置（小）,辅助生产设备,36180,2022/6/30,2027/6/30,小ODM
19I390012,手动单轨起重机,机械机器设备,32750,2019/11/29,2029/11/30,小ODM
19I590004,模温机4,辅助生产设备,14706.9,2019/4/30,2024/4/30,小ODM
20I390018,PPC-60泛用除尘器（PL630008-机械NO.),机械机器设备,32257,2020/12/31,2030/12/31,小ODM
19I390008,注塑机1#,机械机器设备,752950.44,2019/11/29,2029/11/30,小ODM
19I590005,模温机5,辅助生产设备,14706.9,2019/4/30,2024/4/30,小ODM
19I390011,成型机天桥及踏台,机械机器设备,33893.81,2019/11/29,2029/11/30,小ODM
17E390010,卷线机1台,机械机器设备,656622,2017/3/30,2027/3/31,小ODM
19E390005,端子插入机,机械机器设备,435000,2020/2/28,2030/2/28,小ODM
21I390022,结线试做单机,机械机器设备,394000,2021/11/30,2031/11/30,小ODM
19I390025,室外ODM手动式端子插入机,机械机器设备,341000,2019/11/29,2029/11/30,小ODM
08E390035,ODM卷线机#4,机械机器设备,947650.15,2008/9/30,2018/9/30,小ODM
09E390019,卷线机6#,机械机器设备,980300,2009/9/30,2019/9/30,小ODM
17E390005,绕线装置3,机械机器设备,1063900,2017/3/30,2027/3/31,小ODM
18I390006,6轴机器人,机械机器设备,112068.96,2019/2/28,2029/2/28,小ODM
19I390022,烟雾过滤器3,辅助生产设备,36000,2019/12/28,2024/12/31,小ODM
18I390002,室外ODM中间电检机,机械机器设备,169658.12,2018/4/30,2028/4/30,小ODM
21I390010,复绕机,机械机器设备,153362.83,2021/12/31,2031/12/31,小ODM
22I590003,烟雾过滤器,辅助生产设备,21895,2022/9/30,2027/9/30,小ODM
22J580005,空调,辅助生产设备,154795.13,2022/9/30,2027/9/30,室外ODM
22J580006,空调,辅助生产设备,152840.13,2022/9/30,2027/9/30,室外ODM
22J580008,空调,辅助生产设备,124230.13,2022/9/30,2027/9/30,室外ODM
21J590003,大ODM成型BMC树脂升降装置,辅助生产设备,36180,2022/3/31,2027/3/31,室外ODM
08E390017,绝缘耐电压检查装置(ODM),机械机器设备,311617.83,2008/8/31,2018/8/31,室外ODM
20E390036,PMG-3号自动搬运设备及周边,机械机器设备,670636.26,2020/12/31,2030/12/31,双色PMG
21E390009,双色成型机PMG2#及周边设备,机械机器设备,954981.09,2021/5/31,2031/5/31,双色PMG
20E390034,PMG-3号双色注塑成型机,机械机器设备,1672481.97,2020/12/31,2030/12/31,双色PMG
20E390035,PMG-3号用着磁脱磁机,机械机器设备,303931.95,2020/12/31,2030/12/31,双色PMG
20E390037,PMG-3号输送设备,机械机器设备,503461.54,2020/12/31,2030/12/31,双色PMG
20E390017,风冷式冷水机（双色）,机械机器设备,50265.49,2020/6/30,2030/6/30,双色PMG
20E390016,风冷式冷水机（双色）,机械机器设备,50265.48,2020/6/30,2030/6/30,双色PMG
22J580011,工业风扇,辅助生产设备,28500,2022/9/30,2027/9/30,双色PMG
11H580005,动力配电箱5#,辅助生产设备,24679.09,2011/6/30,2016/6/30,双色PMG
12E590055,电控柜,辅助生产设备,21538.46,2012/9/30,2022/9/30,双色PMG
20E390038,PMG-3号机械手,机械机器设备,501240.39,2020/12/31,2030/12/31,双色PMG
20E390029,双色PMG机械设备,机械机器设备,775856.62,2021/5/31,2031/5/31,双色PMG
21K590001,空调,辅助生产设备,104104.2,2021/8/31,2026/8/31,双色PMG
10E590005,风冷式冷水机,辅助生产设备,78205.13,2010/4/30,2015/4/30,双色PMG
22K590001,PMG材料干燥机,辅助生产设备,48495,2022/8/31,2027/8/31,双色PMG
18I390015,粉碎机,机械机器设备,36206.9,2019/3/30,2029/3/31,双色PMG
20C390002,马达甩漆设备,机械机器设备,340810,2021/1/30,2031/1/30,水溶性浸漆房
05B580029,分电盘,辅助生产设备,30000,2005/9/30,2010/9/30,水溶性浸漆房
17B590003,二维码扫描打印系统3,辅助生产设备,33247.86,2017/1/30,2022/1/31,水溶性浸漆房
18B590013,NOX在线分析仪,辅助生产设备,456896.55,2018/12/30,2023/12/31,水溶性浸漆房
19B580024,非甲烷总烃在线监测仪,辅助生产设备,413482.02,2020/3/30,2025/3/31,水溶性浸漆房
19B580023,非甲烷总烃在线监测仪,辅助生产设备,413482,2020/3/30,2025/3/31,水溶性浸漆房
19B580022,非甲烷总烃在线监测仪,辅助生产设备,413482,2020/3/30,2025/3/31,水溶性浸漆房
17B580013,空调2（完成室，机械NO:F000238),辅助生产设备,99145.3,2017/6/30,2022/6/30,水溶性浸漆房
16B380002,冷干机3,机械机器设备,14256.41,2016/3/31,2026/3/31,水溶性浸漆房
13B580007,烟囱检测平台3#,辅助生产设备,13600,2013/4/30,2018/4/30,水溶性浸漆房
13B580008,烟囱检测平台4#,辅助生产设备,13600,2013/4/30,2018/4/30,水溶性浸漆房
13C580001,浸漆房环境改善脱臭设备,辅助生产设备,45384.62,2013/7/31,2018/7/31,水溶性浸漆房
21B390002,电热鼓风干燥箱1#,机械机器设备,142000,2021/10/31,2031/10/31,水溶性浸漆房
21B390003,电热鼓风干燥箱2#,机械机器设备,142000,2021/10/31,2031/10/31,水溶性浸漆房
21B390004,电热鼓风干燥箱3#,机械机器设备,142000,2021/10/31,2031/10/31,水溶性浸漆房
21B390005,电热鼓风干燥箱4#,机械机器设备,142000,2021/10/31,2031/10/31,水溶性浸漆房
21B390006,电热鼓风干燥箱5#,机械机器设备,142000,2021/10/31,2031/10/31,水溶性浸漆房
21B390007,电热鼓风干燥箱6#,机械机器设备,142000,2021/10/31,2031/10/31,水溶性浸漆房
21B390008,电热鼓风干燥箱7#,机械机器设备,142000,2021/10/31,2031/10/31,水溶性浸漆房
21B390009,电热鼓风干燥箱8#,机械机器设备,142000,2021/10/31,2031/10/31,水溶性浸漆房
21B390001,浸漆移栽机,机械机器设备,433030,2021/11/30,2031/11/30,水溶性浸漆房
21B390010,漆液混合装置,机械机器设备,95720.9,2021/10/31,2031/10/31,水溶性浸漆房
21B590001,铜磷钎焊机,机械机器设备,133393.99,2021/4/30,2031/4/30,2工厂道场
11H680002,松下电子看板2#,事务用设备,7692.31,2011/6/30,2016/6/30,3工厂休息室
22C580002,电动液压车,辅助生产设备,9800,2022/7/30,2027/7/30,3工厂3楼
22C580003,电动液压车,辅助生产设备,9800,2022/7/30,2027/7/30,大型ODM
22C580004,电动液压车,辅助生产设备,9800,2022/7/30,2027/7/30,大型ODM
22C580005,电动液压车,辅助生产设备,9800,2022/7/30,2027/7/30,AC/DC
22C580006,电动液压车,辅助生产设备,9800,2022/7/30,2027/7/30,AC/DC
22C580007,电动液压车,辅助生产设备,9800,2022/7/30,2027/7/30,AC/DC
22C580008,电动液压车,辅助生产设备,9800,2022/7/30,2027/7/30,完成室
16B580027,电动液压车1台,辅助生产设备,13589.74,2016/8/31,2021/8/31,仓库材料区
16B580028,电动液压车1台,辅助生产设备,13589.74,2016/8/31,2021/8/31,仓库材料区
16B580029,电动液压车1台,辅助生产设备,13589.74,2016/8/31,2021/8/31,仓库材料区
16B580031,电动液压车1台,辅助生产设备,13589.74,2016/8/31,2021/8/31,仓库材料区
16B580041,牵引车1台,辅助生产设备,82564.1,2016/12/30,2021/12/31,仓库材料区
06B790002,丰田叉车,运输设备,252300,2006/10/31,2011/10/31,仓库材料区
08B790001,电动前移叉车,运输设备,174000,2008/1/31,2013/1/31,仓库材料区
11F790002,电动叉车2#,运输设备,218803.42,2011/3/31,2016/3/31,仓库材料区
21B790001,四轮电瓶式叉车,运输设备,196460.18,2021/9/30,2026/9/30,仓库材料区
21B780001,丰田叉车2#,运输设备,157500,2021/3/30,2026/3/30,仓库材料区
22B780001,丰田四轮电瓶叉车,运输设备,203539.82,2022/8/31,2027/8/31,仓库材料区
22B580026,登高车,辅助生产设备,93600,2022/6/30,2027/6/30,5工厂保全
14C580007,除湿机,辅助生产设备,4153.85,2014/1/31,2019/1/31,完成室
14C580005,除湿机,辅助生产设备,4153.85,2014/1/31,2019/1/31,完成室
05C390027,真空检查装置,机械机器设备,910287.36,2005/5/31,2015/5/31,完成室
05C390072,简易特性试验机,机械机器设备,737921.2,2005/12/31,2015/12/31,完成室
21B590007,捆包系统装置,辅助生产设备,28712.6,2022/3/31,2027/3/31,完成室
06A680009,标准品放置台,事务用设备,9600,2006/10/31,2011/10/31,完成室
06B680002,佳美货架,事务用设备,12100,2006/11/30,2011/11/30,完成室
06B680005,佳美仓储标准品放置柜,事务用设备,2400,2006/11/30,2011/11/30,完成室
14C580009,除湿机,辅助生产设备,4153.85,2014/1/31,2019/1/31,完成室
18B580006,空调（机械NO.F000300),辅助生产设备,124698.28,2018/6/30,2023/6/30,完成室
11D390011,电气检查装置,机械机器设备,725216.04,2011/12/31,2021/12/31,完成室
05C390020,清漆后卷线检查机,机械机器设备,627099.23,2005/2/28,2015/2/28,完成室
21B590006,捆包系统装置,辅助生产设备,28712.6,2022/3/31,2027/3/31,完成室
05D390028,电流测试机,机械机器设备,1624799.31,2005/5/31,2015/5/31,完成室
21B590005,捆包系统装置,辅助生产设备,28712.6,2022/3/31,2027/3/31,完成室
05D590014,检查治具,辅助生产设备,23349.88,2005/9/30,2010/9/30,完成室
18C580001,温度补偿电阻抵抗计,辅助生产设备,60330,2018/10/30,2023/10/31,完成室
18E390015,安全激光扫描仪（机械NO.#4B810869),机械机器设备,21637.93,2018/12/30,2028/12/31,完成室
21B790002,江淮2吨电动搬运车CDD20 1#,运输设备,46726,2021/12/31,2026/12/31,完成室
13E390009,小型ODM激光刻印装置,机械机器设备,62649.57,2013/9/30,2023/9/30,3#小型ODM
11E390031,检查装置,机械机器设备,703241.58,2011/12/31,2021/12/31,3#小型ODM
11E390005,检查装置,机械机器设备,342564.1,2011/7/31,2021/7/31,3#小型ODM
11E390030,记测机,机械机器设备,33333.33,2011/12/31,2021/12/31,3#小型ODM
08E390052,激光刻印机,机械机器设备,98684,2008/12/31,2018/12/31,3#小型ODM
09E390015,回转特性检查装置2#,机械机器设备,348034.2,2009/7/31,2019/7/31,3#小型ODM
08E390019,回转特性检查装置(ODM),机械机器设备,454306.2,2008/8/31,2018/8/31,3#小型ODM
15E390028,小ODM 自动检查装置,机械机器设备,2268880.88,2015/11/30,2025/11/30,3#小型ODM
11E390025,BMC外径切削机,机械机器设备,291710.92,2012/1/31,2022/1/31,3#小型ODM
13E590021,通用集尘器,辅助生产设备,21367.52,2013/8/31,2023/8/31,3#小型ODM
16E390007,小ODM树脂预热机2,机械机器设备,65851.2,2016/3/31,2026/3/31,3#小型ODM
12E390041,成型机,机械机器设备,345193.12,2012/7/31,2022/7/31,3#小型ODM
10E390002,BMC成型机10#,机械机器设备,210601.02,2010/3/31,2020/3/31,3#小型ODM
10E390001,BMC成型机9#,机械机器设备,284960,2010/3/31,2020/3/31,3#小型ODM
12E390042,成型机,机械机器设备,345193.13,2012/7/31,2022/7/31,3#小型ODM
09E390007,树脂成型机#8,机械机器设备,676773.5,2009/3/31,2019/3/31,3#小型ODM
09E390006,树脂成型机#7,机械机器设备,263205.51,2009/3/31,2019/3/31,3#小型ODM
08E390012,定子综合测试台,机械机器设备,282866.66,2008/7/31,2018/7/31,3#小型ODM
11E390007,BMC外径切削机 2#,机械机器设备,176666.67,2011/8/31,2021/8/31,3#小型ODM
13E390006,切削机集尘机装置,机械机器设备,37059.83,2013/4/30,2023/4/30,3#小型ODM
13E390008,树脂预热机,机械机器设备,75226.8,2013/5/31,2023/5/31,3#小型ODM
16E390014,小ODM BMC成型机2,机械机器设备,408481.05,2016/3/31,2026/3/31,3#小型ODM
16E390013,小ODM BMC成型机1,机械机器设备,468694.71,2016/3/31,2026/3/31,3#小型ODM
09E390005,树脂成型机#6,机械机器设备,263205.51,2009/3/31,2019/3/31,3#小型ODM
09E390004,树脂成型机#5,机械机器设备,263205.51,2009/3/31,2019/3/31,3#小型ODM
12E390007,定位上用油压泵组,机械机器设备,79173.22,2012/1/31,2022/1/31,3#小型ODM
08E390008,树脂成型机1#,机械机器设备,289162.05,2008/8/31,2018/8/31,3#小型ODM
08E390007,树脂成型机2#,机械机器设备,289162.05,2008/8/31,2018/8/31,3#小型ODM
08E390006,树脂成型机3#,机械机器设备,289162.05,2008/8/31,2018/8/31,3#小型ODM
08E390004,树脂成型机4#,机械机器设备,291147.86,2008/8/31,2018/8/31,3#小型ODM
12E390004,卷线机-2,机械机器设备,423790.17,2012/3/31,2022/3/31,3#小型ODM
12E390003,卷线机-1,机械机器设备,311300,2012/3/31,2022/3/31,3#小型ODM
12E390008,卷线机-3,机械机器设备,307000,2012/3/31,2022/3/31,3#小型ODM
12E390036,简易端子插入机,机械机器设备,279800,2012/11/30,2022/11/30,3#小型ODM
08E390033,ODM卷线机#2,机械机器设备,339840.14,2008/9/30,2018/9/30,3#小型ODM
08E390032,ODM卷线机#1,机械机器设备,339840.14,2008/9/30,2018/9/30,3#小型ODM
09E390018,卷线机5#,机械机器设备,270000,2009/9/30,2019/9/30,3#小型ODM
09E390010,简易端子插入机#2,机械机器设备,167400,2009/5/31,2019/5/31,3#小型ODM
09E390001,简易端子插入机,机械机器设备,320659.6,2009/1/31,2019/1/31,3#小型ODM
09E390017,PIN压入机1#,机械机器设备,8205.13,2009/9/30,2019/9/30,3#小型ODM
09E390031,PIN压入机2#,机械机器设备,8205.12,2009/9/30,2019/9/30,3#小型ODM
09E390032,PIN压入机3#,机械机器设备,8205.13,2009/9/30,2019/9/30,3#小型ODM
12E580044,烟雾净化器,辅助生产设备,5982.91,2012/9/30,2017/9/30,3#小型ODM
21E590002,小O-自动线捆包系统,辅助生产设备,69310.81,2022/4/30,2027/4/30,3#小型ODM
09E390003,激光刻印装置,机械机器设备,35500,2009/2/28,2019/2/28,3#小型ODM
15E390026,BMC外径切削机,机械机器设备,215151.79,2015/9/30,2025/9/30,3#小型ODM
19B580012,空调（5#空调机NO.F000518),辅助生产设备,44347.79,2020/1/28,2025/1/31,3#小型ODM
19B580013,空调（6#空调机NO.F000504),辅助生产设备,44347.79,2020/1/28,2025/1/31,3#小型ODM
19B580008,空调（1#空调机NO.F000641),辅助生产设备,23432.75,2020/1/28,2025/1/31,3#小型ODM
19B580010,空调（3#空调机NO.F000514),辅助生产设备,44347.79,2020/1/28,2025/1/31,3#小型ODM
17E390030,小O自动线端子插入机2,机械机器设备,450000,2018/1/30,2028/1/31,3#小型ODM
17E390022,小ODM卷线区域自动搬送装置2,机械机器设备,2892000,2018/1/30,2028/1/31,3#小型ODM
17E390033,小O自动线卷线机3,机械机器设备,696000,2018/1/30,2028/1/31,3#小型ODM
17E390034,小O自动线卷线机4,机械机器设备,696000,2018/1/30,2028/1/31,3#小型ODM
17E390032,小O自动线卷线机2,机械机器设备,696000,2018/1/30,2028/1/31,3#小型ODM
17E390031,小O自动线卷线机1,机械机器设备,696000,2018/1/30,2028/1/31,3#小型ODM
17E390021,小ODM卷线区域自动搬送装置1,机械机器设备,3094212.39,2018/1/30,2028/1/31,3#小型ODM
17E390029,小O自动线端子插入机1,机械机器设备,450000,2018/1/30,2028/1/31,3#小型ODM
19B580009,空调（2#空调机NO.F000638),辅助生产设备,23432.75,2020/1/28,2025/1/31,3#小型ODM
17E580010,空调（FVXQB010AA),辅助生产设备,55555.56,2018/1/30,2023/1/31,3#小型ODM
18B590011,VOC分析仪系统（伴热管线*45）,辅助生产设备,258620.69,2018/10/30,2023/10/31,3#小型ODM
17E390035,小ODM中间电检机,机械机器设备,368076.16,2018/1/30,2028/1/31,3#小型ODM
20I580001,室外ODM中间电检机,辅助生产设备,349800,2020/11/30,2025/11/30,3#小型ODM
17E390018,小O自动线2.9T手动单轨起重机1,机械机器设备,25641.03,2018/1/30,2028/1/31,3#小型ODM
17E390028,成型机（机械NO.13400052-2),机械机器设备,1883699.68,2018/1/30,2028/1/31,3#小型ODM
18E390011,BMC外径切削机,机械机器设备,205128.21,2018/7/30,2028/7/31,3#小型ODM
10E390004,BMC外径切削机,机械机器设备,264538.46,2010/11/30,2020/11/30,3#小型ODM
13E590004,通用集尘器,辅助生产设备,37059.83,2013/1/31,2023/1/31,3#小型ODM
18E380002,集尘机（机械NO:PL637083),机械机器设备,31623.93,2018/2/28,2028/2/29,3#小型ODM
13E390005,切削机集尘机装置,机械机器设备,21367.52,2013/4/30,2023/4/30,3#小型ODM
18E380003,集尘机（机械NO:PL637082),机械机器设备,31623.93,2018/2/28,2028/2/29,3#小型ODM
19B580011,空调（4#空调机NO.F000517),辅助生产设备,44347.79,2020/1/28,2025/1/31,3#小型ODM
19I580012,脉冲线圈测试仪,辅助生产设备,132743.36,2019/11/29,2024/11/30,3#小型ODM
17E390025,小ODM自动检查装置,机械机器设备,2213250.2,2018/1/30,2028/1/31,3#小型ODM
17E390026,画像检查装置,机械机器设备,261306.95,2018/1/30,2028/1/31,3#小型ODM
18E390010,小ODM防锈油涂布干燥装置,机械机器设备,374815.03,2018/6/30,2028/6/30,3#小型ODM
21B390011,风速控制检测装置,机械机器设备,198922.17,2021/9/30,2031/9/30,3#小型ODM
12E580046,空调-3,辅助生产设备,99228.2,2012/6/30,2017/6/30,3#小型ODM
18B580005,空调（机械NO.F000396),辅助生产设备,68931.03,2018/6/30,2023/6/30,3#小型ODM
12E590075,风冷式冷水机,辅助生产设备,5384.62,2012/9/30,2022/9/30,3#小型ODM
17E390037,冷却搬送线,机械机器设备,384615.4,2018/1/30,2028/1/31,3#小型ODM
17E390027,成型机（机械NO.13400052-1),机械机器设备,1865938.89,2018/1/30,2028/1/31,3#小型ODM
17E390019,小O自动线2.9T手动单轨起重机2,机械机器设备,25641.02,2018/1/30,2028/1/31,3#小型ODM
17E390036,BMC成型机投入搬送线,机械机器设备,733755.41,2018/1/30,2028/1/31,3#小型ODM
20E390024,皮带线,机械机器设备,40707.96,2021/3/30,2031/3/30,3#小型ODM
18E390020,安全激光扫描仪（机械NO.#5B811447),机械机器设备,21637.93,2018/12/30,2028/12/31,3#小型ODM
18E390018,安全激光扫描仪（机械NO.#1B810747),机械机器设备,21637.93,2018/12/30,2028/12/31,3#小型ODM
18E390006,铁芯自动搬送流水线,机械机器设备,273504.28,2018/3/30,2028/3/31,3#小型ODM
15E390004,小ODM自动焊锡机2#机,机械机器设备,700890.25,2015/6/30,2025/6/30,3#小型ODM
22B580004,三联树脂放置柜,辅助生产设备,48627,2022/8/31,2027/8/31,3#小型ODM
22B580005,三联树脂放置柜,辅助生产设备,48627,2022/8/31,2027/8/31,3#小型ODM
22B580019,二联树脂放置柜,辅助生产设备,44927,2022/8/31,2027/8/31,3#小型ODM
22B580020,二联树脂放置柜,辅助生产设备,44927,2022/8/31,2027/8/31,3#小型ODM
22B580021,二联树脂放置柜,辅助生产设备,44927,2022/8/31,2027/8/31,3#小型ODM
22B580008,三联树脂放置柜,辅助生产设备,48627,2022/8/31,2027/8/31,3#小型ODM
22B580010,三联树脂放置柜,辅助生产设备,48627,2022/8/31,2027/8/31,3#小型ODM
22B580011,三联树脂放置柜,辅助生产设备,48627,2022/8/31,2027/8/31,3#小型ODM
11F390014,金属研磨机2#,机械机器设备,932770.36,2011/12/31,2021/12/31,模具室
11F390015,金属研磨机1#,机械机器设备,77621.2,2011/12/31,2021/12/31,模具室
11F580005,模具洗净机,辅助生产设备,29249.57,2011/8/31,2016/8/31,模具室
11F790001,电动叉车1#,运输设备,224786.32,2011/3/31,2016/3/31,仓库材料区
11G580028,重型工具柜,辅助生产设备,5230.77,2011/10/31,2016/10/31,保全室
